city,res,origins,departure,budget,samples,mode,exclude,variant,fine_mean,actual_mean,bias,wmae,abs_relative_p50,abs_relative_p95,min_signed,max_signed,zero_fine,zero_max_abs
Vienna,7,127,28800000,10800000,4,mean_intersection,false,free,4.991509133858268e6,5.6695224015748035e6,678013.2677165355,0.13583332205433712,0.14304016095315344,0.21351116217886856,299567.0,1.14844e6,0,0.0
Vienna,7,127,28800000,10800000,4,mean_intersection,false,zero,4.991509133858268e6,5.6695224015748035e6,678013.2677165355,0.13583332205433712,0.14304016095315344,0.21351116217886856,299567.0,1.14844e6,0,0.0
Vienna,7,127,28800000,10800000,4,mean_intersection,false,walking,4.991509133858268e6,4.1526858346456694e6,-838823.2992125985,0.16805003791793452,0.1750813091497541,0.21996161665381553,-1.278958e6,-349207.0,0,0.0
Vienna,7,127,28800000,10800000,4,mean_intersection,false,independent,4.991509133858268e6,4.1124809133858266e6,-879028.2204724409,0.176104700382063,0.18352963300698563,0.22861807892724229,-1.338437e6,-353980.0,0,0.0
Vienna,7,127,28800000,10800000,96,mean_intersection,false,free,2.4033908582677166e6,2.4940905354330707e6,90699.67716535433,0.03773821343013995,0.03719641910437344,0.050284600357472814,59105.0,146288.0,0,0.0
Vienna,7,127,28800000,10800000,96,mean_intersection,false,walking,2.4033908582677166e6,2.2132429212598423e6,-190147.93700787402,0.07911652669966726,0.07894385001523503,0.09153555858317326,-247300.0,-142262.0,0,0.0
Vienna,7,1027,28800000,10800000,96,mean_intersection,false,free,2.1492190993184033e6,2.2627082804284324e6,113489.18111002921,0.05280484486017309,0.04156034530791557,0.08105120975244237,0.0,1.452128e6,0,0.0
Vienna,7,1027,28800000,10800000,96,mean_intersection,false,walking,2.1492190993184033e6,1.9374145491723467e6,-211804.55014605648,0.0986751971322987,0.08267752414269545,0.24325097031540568,-1.262925e6,41622.0,0,0.0
Vienna,7,127,28800000,10800000,1,mean_intersection,false,free,5.503276338582677e6,6.241992417322835e6,738716.0787401575,0.1342320525613307,0.18037789666966914,0.19162772509896664,241772.0,1.097268e6,0,0.0
Vienna,7,127,28800000,10800000,1,mean_intersection,false,walking,5.503276338582677e6,4.667878716535433e6,-835397.6220472441,0.15180004976133796,0.15223888054249995,0.2479678832070077,-1.520075e6,-225423.0,0,0.0
Vienna,7,127,84600000,21600000,96,mean_intersection,true,free,3.826949094488189e6,4.0115429921259843e6,184593.89763779528,0.048235263412220175,0.04576463780975111,0.07561782695984695,132456.0,310405.0,0,0.0
Vienna,7,127,84600000,21600000,96,mean_intersection,true,walking,3.826949094488189e6,3.588947125984252e6,-238001.968503937,0.062191046347264536,0.05994155934174103,0.12036716161287149,-519244.0,-68363.0,0,0.0
Vienna,7,127,72000000,10800000,96,reachable_union,false,free,5.011754337926506e6,5.489807210629923e6,478052.8727034198,0.09538633390023718,0.09400599714512985,0.14547512256737855,266157.9375000112,771269.1250000019,0,0.0
Vienna,7,127,72000000,10800000,96,reachable_union,false,walking,5.011754337926506e6,4.259083183891073e6,-752671.1540354297,0.15018117475144033,0.15138801247426212,0.19456555454862423,-1.0338024895833293e6,-401902.88541662507,0,0.0
Vienna-moved,7,127,84600000,10800000,4,reachable_union,false,free,3.604242466535433e6,3.959894679133858e6,355652.2125984252,0.09867599527517215,0.09474640938713047,0.1504227354915156,193881.25,652575.75,0,0.0
Vienna-moved,7,127,84600000,10800000,4,reachable_union,false,walking,3.604242466535433e6,3.1213218897637795e6,-482920.57677165355,0.13398670629278153,0.13945464833059604,0.193046321801174,-729871.25,-181640.0,0,0.0
Vienna,6,127,28800000,10800000,4,mean_intersection,false,free,4.991509133858268e6,6.341034826771653e6,1.3495256929133858e6,0.2703642639375976,0.27199312416057825,0.3576646621501395,942994.0,1.823256e6,0,0.0
Vienna,6,127,28800000,10800000,4,mean_intersection,false,zero,4.991509133858268e6,6.341034826771653e6,1.3495256929133858e6,0.2703642639375976,0.27199312416057825,0.3576646621501395,942994.0,1.823256e6,0,0.0
Vienna,6,127,28800000,10800000,4,mean_intersection,false,walking,4.991509133858268e6,3.874024748031496e6,-1.1174843858267716e6,0.22387705919371803,0.2222395057059961,0.2701786045040585,-1.637205e6,-645719.0,0,0.0
Vienna,6,127,28800000,10800000,4,mean_intersection,false,independent,4.991509133858268e6,3.805993771653543e6,-1.1855153622047245e6,0.23750639945005192,0.23600616064394409,0.28527662061633496,-1.648761e6,-744148.0,0,0.0
Vienna,6,127,28800000,10800000,96,mean_intersection,false,free,2.4033908582677166e6,2.6432530078740157e6,239862.1496062992,0.09980155694658163,0.09749842856746263,0.11818729672168138,200824.0,287210.0,0,0.0
Vienna,6,127,28800000,10800000,96,mean_intersection,false,walking,2.4033908582677166e6,2.308444157480315e6,-94946.70078740157,0.03950530995022423,0.04111647076909015,0.05570116484704263,-142223.0,-3215.0,0,0.0
Vienna,6,1027,28800000,10800000,96,mean_intersection,false,free,2.1492190993184033e6,2.4639571694255113e6,314738.0701071081,0.1464429895523091,0.11609681290174816,0.24754550170790512,0.0,2.162061e6,0,0.0
Vienna,6,1027,28800000,10800000,96,mean_intersection,false,walking,2.1492190993184033e6,2.1392861441090554e6,-9932.955209347614,0.0341131447342133,0.022071549310529744,0.0724400461440397,-389580.0,1.375878e6,0,0.0
Vienna,6,127,28800000,10800000,1,mean_intersection,false,free,5.503276338582677e6,6.672921905511811e6,1.1696455669291338e6,0.21253622296393102,0.26032312968104904,0.2690937244126336,659228.0,1.597262e6,0,0.0
Vienna,6,127,28800000,10800000,1,mean_intersection,false,walking,5.503276338582677e6,4.536610125984252e6,-966666.2125984252,0.17565285715733875,0.1589987817761455,0.2943804357146703,-1.988244e6,-425207.0,0,0.0
Vienna,6,127,84600000,21600000,96,mean_intersection,true,free,3.826949094488189e6,4.486591818897638e6,659642.7244094488,0.17236778125936075,0.1693644353138537,0.19204319288749125,512719.0,785083.0,0,0.0
Vienna,6,127,84600000,21600000,96,mean_intersection,true,walking,3.826949094488189e6,3.1590772913385825e6,-667871.8031496063,0.1745180786730393,0.17456959716970868,0.24267340741688054,-1.120499e6,-442746.0,0,0.0
Vienna,6,127,72000000,10800000,96,reachable_union,false,free,5.011754337926506e6,6.052513613435038e6,1.0407592755085338e6,0.20766366532225583,0.20600913640263005,0.2716048452658614,784511.4166666726,1.3918064062499972e6,0,0.0
Vienna,6,127,72000000,10800000,96,reachable_union,false,walking,5.011754337926506e6,4.044898167814962e6,-966856.1701115413,0.19291771003116545,0.1985358993792478,0.24841970645330733,-1.3726309270833218e6,-452183.84374999907,0,0.0
Vienna-moved,6,127,84600000,10800000,4,reachable_union,false,free,3.604242466535433e6,4.440304818897638e6,836062.3523622047,0.2319661787809373,0.2197473927189745,0.3034563334072754,630646.5,1.236239e6,0,0.0
Vienna-moved,6,127,84600000,10800000,4,reachable_union,false,walking,3.604242466535433e6,2.871990529527559e6,-732251.937007874,0.20316389471759067,0.21430775277761474,0.27245392525802437,-1.15315275e6,-327790.25,0,0.0
Salzburg,7,127,28800000,10800000,4,mean_intersection,false,free,2.668782803149606e6,3.922321196850394e6,1.2535383937007873e6,0.4697041633442048,0.47694123350875745,0.9056289642905386,207111.0,2.669201e6,0,0.0
Salzburg,7,127,28800000,10800000,4,mean_intersection,false,zero,2.668782803149606e6,3.922321196850394e6,1.2535383937007873e6,0.4697041633442048,0.47694123350875745,0.9056289642905386,207111.0,2.669201e6,0,0.0
Salzburg,7,127,28800000,10800000,4,mean_intersection,false,walking,2.668782803149606e6,1.9232096771653544e6,-745573.125984252,0.27936822925580607,0.28106881702772113,0.4986161101135297,-1.425079e6,-197025.0,0,0.0
Salzburg,7,127,28800000,10800000,4,mean_intersection,false,independent,2.668782803149606e6,1.897624598425197e6,-771158.2047244095,0.28895502616935137,0.28449929410923736,0.5027010609677737,-1.447598e6,-218197.0,0,0.0
Salzburg,7,127,28800000,10800000,96,mean_intersection,false,free,355203.0787401575,387423.2834645669,32220.20472440945,0.09070924958952727,0.07585699589025761,0.18661513205907035,11192.0,82378.0,0,0.0
Salzburg,7,127,28800000,10800000,96,mean_intersection,false,walking,355203.0787401575,283332.6692913386,-71870.4094488189,0.20233611066584933,0.20480977997814995,0.27425861813753605,-122068.0,-16584.0,0,0.0
Salzburg,7,1027,28800000,10800000,96,mean_intersection,false,free,171198.09152872444,212712.07010710807,41513.97857838364,0.24249089582530906,0.12411989223874324,2.8195920481458794,0.0,228793.0,0,0.0
Salzburg,7,1027,28800000,10800000,96,mean_intersection,false,walking,171198.09152872444,144172.93378773125,-27025.157740993185,0.18068863324423487,0.1126997449824575,0.49815648306970506,-162122.0,80259.0,0,0.0
Salzburg,7,127,28800000,10800000,1,mean_intersection,false,free,3.737973275590551e6,5.3493322362204725e6,1.6113589606299212e6,0.43107824530268946,0.48097554798804804,0.9766228563649082,211664.0,3.518518e6,0,0.0
Salzburg,7,127,28800000,10800000,1,mean_intersection,false,walking,3.737973275590551e6,2.4369042677165354e6,-1.3010690078740157e6,0.3480680336507927,0.3713973279498416,0.5919635676694252,-3.168775e6,-214855.0,0,0.0
Salzburg,7,127,84600000,21600000,96,mean_intersection,true,free,1.1972151653543308e6,1.355340472440945e6,158125.30708661416,0.1320776011384846,0.12322835163967158,0.234275624508083,74196.0,359064.0,0,0.0
Salzburg,7,127,84600000,21600000,96,mean_intersection,true,walking,1.1972151653543308e6,1.078798409448819e6,-118416.75590551182,0.10367116664167209,0.10669505028581322,0.16288987452015974,-255687.0,142877.0,0,0.0
Salzburg,7,127,72000000,10800000,96,reachable_union,false,free,2.701428463582676e6,3.8274443864829387e6,1.1260159229002635e6,0.4168224100988867,0.44530749295744354,0.6170913435716705,432540.7395833372,1.5816529374999958e6,0,0.0
Salzburg,7,127,72000000,10800000,96,reachable_union,false,walking,2.701428463582676e6,1.8238100438812335e6,-877618.4197014417,0.3248719821873538,0.3430146091517101,0.46350498926462025,-1.6101485520833156e6,-239427.14583333302,0,0.0
Salzburg-moved,7,127,84600000,10800000,4,reachable_union,false,free,668195.0551181103,775847.0649606299,107652.00984251969,0.16110865984108652,0.07254341887610732,0.4114249603948619,16049.75,391409.75,0,0.0
Salzburg-moved,7,127,84600000,10800000,4,reachable_union,false,walking,668195.0551181103,492826.73818897636,-175368.31692913387,0.2624507852697828,0.2985756421378192,0.3840103143516085,-360712.25,-74850.5,0,0.0
Salzburg,6,127,28800000,10800000,4,mean_intersection,false,free,2.668782803149606e6,5.102594283464567e6,2.4338114803149607e6,0.911955621657431,0.8870559351948228,1.273405221732306,806563.0,3.540523e6,0,0.0
Salzburg,6,127,28800000,10800000,4,mean_intersection,false,zero,2.668782803149606e6,5.102594283464567e6,2.4338114803149607e6,0.911955621657431,0.8870559351948228,1.273405221732306,806563.0,3.540523e6,0,0.0
Salzburg,6,127,28800000,10800000,4,mean_intersection,false,walking,2.668782803149606e6,2.000775937007874e6,-668006.8661417323,0.2515268985640615,0.23105317126536248,0.48220658350049284,-1.633546e6,119544.0,0,0.0
Salzburg,6,127,28800000,10800000,4,mean_intersection,false,independent,2.668782803149606e6,1.9511965118110236e6,-717586.2913385826,0.2693516188936715,0.2391870640305469,0.49701509632698826,-1.634958e6,79672.0,0,0.0
Salzburg,6,127,28800000,10800000,96,mean_intersection,false,free,355203.0787401575,467405.3070866142,112202.22834645669,0.31588191393052717,0.3118654007260542,0.4994203479238938,73790.0,181690.0,0,0.0
Salzburg,6,127,28800000,10800000,96,mean_intersection,false,walking,355203.0787401575,336830.23622047243,-18372.84251968504,0.06976723152560105,0.06682935783779115,0.13607388801184683,-63632.0,42500.0,0,0.0
Salzburg,6,1027,28800000,10800000,96,mean_intersection,false,free,171198.09152872444,317595.57740993187,146397.4858812074,0.8551350343566425,0.4487624910878988,13.39460295432412,0.0,407843.0,0,0.0
Salzburg,6,1027,28800000,10800000,96,mean_intersection,false,walking,171198.09152872444,205620.06037000974,34421.9688412853,0.26880372953224324,0.0962794252878023,3.899762938664196,-185496.0,267239.0,0,0.0
Salzburg,6,127,28800000,10800000,1,mean_intersection,false,free,3.737973275590551e6,6.367894897637796e6,2.629921622047244e6,0.7035688669100372,0.9150501645412997,1.2793360540683492,737813.0,4.288382e6,0,0.0
Salzburg,6,127,28800000,10800000,1,mean_intersection,false,walking,3.737973275590551e6,2.530423244094488e6,-1.207550031496063e6,0.323500933090176,0.3027876939590571,0.5296230229043992,-2.980355e6,107176.0,0,0.0
Salzburg,6,127,84600000,21600000,96,mean_intersection,true,free,1.1972151653543308e6,1.6342599291338583e6,437044.76377952757,0.36505114237354214,0.364925184112556,0.5123209349367341,285166.0,665242.0,0,0.0
Salzburg,6,127,84600000,21600000,96,mean_intersection,true,walking,1.1972151653543308e6,1.104528535433071e6,-92686.62992125984,0.09475819889261908,0.06910008145951362,0.3473766748647166,-656367.0,101386.0,0,0.0
Salzburg,6,127,72000000,10800000,96,reachable_union,false,free,2.701428463582676e6,4.654251417568895e6,1.952822953986221e6,0.7228853106094681,0.7638009117685051,1.069205474723323,1.3881336145833363e6,2.504671062499998e6,0,0.0
Salzburg,6,127,72000000,10800000,96,reachable_union,false,walking,2.701428463582676e6,1.8054669370078743e6,-895961.5265748017,0.33166213307257586,0.3364142147678514,0.4817932857078197,-1.600697885416656e6,-102788.86458333489,0,0.0
Salzburg-moved,6,127,84600000,10800000,4,reachable_union,false,free,668195.0551181103,1.121006248031496e6,452811.1929133858,0.6776631904786348,0.7278960819759385,1.1114020005822671,101004.75,868615.75,0,0.0
Salzburg-moved,6,127,84600000,10800000,4,reachable_union,false,walking,668195.0551181103,543676.8248031496,-124518.23031496063,0.19765920524503358,0.1946359754379226,0.39587375333148084,-292483.0,48157.5,0,0.0
