"c","probe","company"
341,"1970-01-02 00:00:00.000","ter"
11762,"1970-01-02 00:00:00.000","uk"
19353,"1970-01-02 00:00:00.000","swiss"
253,"1970-01-02 00:00:00.000","intercites"
178,"1970-01-02 00:00:00.000","tgv"
799,"1970-01-02 00:00:00.000","sncb"
766,"1970-01-02 00:05:00.000","sncb"
331,"1970-01-02 00:05:00.000","ter"
11236,"1970-01-02 00:05:00.000","uk"
20244,"1970-01-02 00:05:00.000","swiss"
247,"1970-01-02 00:05:00.000","intercites"
159,"1970-01-02 00:05:00.000","tgv"
20916,"1970-01-02 00:10:00.000","swiss"
10426,"1970-01-02 00:10:00.000","uk"
307,"1970-01-02 00:10:00.000","ter"
246,"1970-01-02 00:10:00.000","intercites"
137,"1970-01-02 00:10:00.000","tgv"
739,"1970-01-02 00:10:00.000","sncb"
651,"1970-01-02 00:15:00.000","sncb"
278,"1970-01-02 00:15:00.000","ter"
9876,"1970-01-02 00:15:00.000","uk"
20477,"1970-01-02 00:15:00.000","swiss"
132,"1970-01-02 00:15:00.000","tgv"
243,"1970-01-02 00:15:00.000","intercites"
254,"1970-01-02 00:20:00.000","ter"
9356,"1970-01-02 00:20:00.000","uk"
20872,"1970-01-02 00:20:00.000","swiss"
112,"1970-01-02 00:20:00.000","tgv"
243,"1970-01-02 00:20:00.000","intercites"
564,"1970-01-02 00:20:00.000","sncb"
243,"1970-01-02 00:25:00.000","intercites"
101,"1970-01-02 00:25:00.000","tgv"
223,"1970-01-02 00:25:00.000","ter"
8666,"1970-01-02 00:25:00.000","uk"
20999,"1970-01-02 00:25:00.000","swiss"
484,"1970-01-02 00:25:00.000","sncb"
8131,"1970-01-02 00:30:00.000","uk"
185,"1970-01-02 00:30:00.000","ter"
20915,"1970-01-02 00:30:00.000","swiss"
242,"1970-01-02 00:30:00.000","intercites"
81,"1970-01-02 00:30:00.000","tgv"
435,"1970-01-02 00:30:00.000","sncb"
242,"1970-01-02 00:35:00.000","intercites"
21736,"1970-01-02 00:35:00.000","swiss"
178,"1970-01-02 00:35:00.000","ter"
8148,"1970-01-02 00:35:00.000","uk"
73,"1970-01-02 00:35:00.000","tgv"
414,"1970-01-02 00:35:00.000","sncb"
66,"1970-01-02 00:40:00.000","tgv"
22707,"1970-01-02 00:40:00.000","swiss"
166,"1970-01-02 00:40:00.000","ter"
8201,"1970-01-02 00:40:00.000","uk"
394,"1970-01-02 00:40:00.000","sncb"
241,"1970-01-02 00:40:00.000","intercites"
60,"1970-01-02 00:45:00.000","tgv"
22869,"1970-01-02 00:45:00.000","swiss"
8239,"1970-01-02 00:45:00.000","uk"
137,"1970-01-02 00:45:00.000","ter"
353,"1970-01-02 00:45:00.000","sncb"
241,"1970-01-02 00:45:00.000","intercites"
321,"1970-01-02 00:50:00.000","sncb"
241,"1970-01-02 00:50:00.000","intercites"
23665,"1970-01-02 00:50:00.000","swiss"
126,"1970-01-02 00:50:00.000","ter"
8320,"1970-01-02 00:50:00.000","uk"
24,"1970-01-02 00:50:00.000","tgv"
23494,"1970-01-02 00:55:00.000","swiss"
8225,"1970-01-02 00:55:00.000","uk"
115,"1970-01-02 00:55:00.000","ter"
18,"1970-01-02 00:55:00.000","tgv"
267,"1970-01-02 00:55:00.000","sncb"
241,"1970-01-02 00:55:00.000","intercites"
94,"1970-01-02 01:00:00.000","ter"
7449,"1970-01-02 01:00:00.000","uk"
23669,"1970-01-02 01:00:00.000","swiss"
241,"1970-01-02 01:00:00.000","intercites"
11,"1970-01-02 01:00:00.000","tgv"
238,"1970-01-02 01:00:00.000","sncb"
93,"1970-01-02 01:05:00.000","ter"
7369,"1970-01-02 01:05:00.000","uk"
24260,"1970-01-02 01:05:00.000","swiss"
10,"1970-01-02 01:05:00.000","tgv"
241,"1970-01-02 01:05:00.000","intercites"
216,"1970-01-02 01:05:00.000","sncb"
198,"1970-01-02 01:10:00.000","sncb"
7242,"1970-01-02 01:10:00.000","uk"
86,"1970-01-02 01:10:00.000","ter"
241,"1970-01-02 01:10:00.000","intercites"
24633,"1970-01-02 01:10:00.000","swiss"
10,"1970-01-02 01:10:00.000","tgv"
168,"1970-01-02 01:15:00.000","sncb"
241,"1970-01-02 01:15:00.000","intercites"
7106,"1970-01-02 01:15:00.000","uk"
85,"1970-01-02 01:15:00.000","ter"
25010,"1970-01-02 01:15:00.000","swiss"
10,"1970-01-02 01:15:00.000","tgv"
149,"1970-01-02 01:20:00.000","sncb"
8,"1970-01-02 01:20:00.000","tgv"
76,"1970-01-02 01:20:00.000","ter"
6934,"1970-01-02 01:20:00.000","uk"
25169,"1970-01-02 01:20:00.000","swiss"
241,"1970-01-02 01:20:00.000","intercites"
113,"1970-01-02 01:25:00.000","sncb"
25329,"1970-01-02 01:25:00.000","swiss"
54,"1970-01-02 01:25:00.000","ter"
6722,"1970-01-02 01:25:00.000","uk"
241,"1970-01-02 01:25:00.000","intercites"
8,"1970-01-02 01:25:00.000","tgv"
25223,"1970-01-02 01:30:00.000","swiss"
6513,"1970-01-02 01:30:00.000","uk"
46,"1970-01-02 01:30:00.000","ter"
8,"1970-01-02 01:30:00.000","tgv"
241,"1970-01-02 01:30:00.000","intercites"
90,"1970-01-02 01:30:00.000","sncb"
241,"1970-01-02 01:35:00.000","intercites"
8,"1970-01-02 01:35:00.000","tgv"
25596,"1970-01-02 01:35:00.000","swiss"
5928,"1970-01-02 01:35:00.000","uk"
49,"1970-01-02 01:35:00.000","ter"
81,"1970-01-02 01:35:00.000","sncb"
64,"1970-01-02 01:40:00.000","sncb"
4955,"1970-01-02 01:40:00.000","uk"
45,"1970-01-02 01:40:00.000","ter"
241,"1970-01-02 01:40:00.000","intercites"
25864,"1970-01-02 01:40:00.000","swiss"
8,"1970-01-02 01:40:00.000","tgv"
8,"1970-01-02 01:45:00.000","tgv"
26324,"1970-01-02 01:45:00.000","swiss"
241,"1970-01-02 01:45:00.000","intercites"
46,"1970-01-02 01:45:00.000","ter"
4365,"1970-01-02 01:45:00.000","uk"
44,"1970-01-02 01:45:00.000","sncb"
35,"1970-01-02 01:50:00.000","sncb"
8,"1970-01-02 01:50:00.000","tgv"
241,"1970-01-02 01:50:00.000","intercites"
39,"1970-01-02 01:50:00.000","ter"
3716,"1970-01-02 01:50:00.000","uk"
26659,"1970-01-02 01:50:00.000","swiss"
31,"1970-01-02 01:55:00.000","sncb"
38,"1970-01-02 01:55:00.000","ter"
2927,"1970-01-02 01:55:00.000","uk"
26811,"1970-01-02 01:55:00.000","swiss"
241,"1970-01-02 01:55:00.000","intercites"
8,"1970-01-02 01:55:00.000","tgv"
28,"1970-01-02 02:00:00.000","sncb"
241,"1970-01-02 02:00:00.000","intercites"
5,"1970-01-02 02:00:00.000","tgv"
26981,"1970-01-02 02:00:00.000","swiss"
39,"1970-01-02 02:00:00.000","ter"
2073,"1970-01-02 02:00:00.000","uk"
27,"1970-01-02 02:05:00.000","sncb"
241,"1970-01-02 02:05:00.000","intercites"
4,"1970-01-02 02:05:00.000","tgv"
2001,"1970-01-02 02:05:00.000","uk"
38,"1970-01-02 02:05:00.000","ter"
27410,"1970-01-02 02:05:00.000","swiss"
25,"1970-01-02 02:10:00.000","sncb"
4,"1970-01-02 02:10:00.000","tgv"
27666,"1970-01-02 02:10:00.000","swiss"
1908,"1970-01-02 02:10:00.000","uk"
39,"1970-01-02 02:10:00.000","ter"
241,"1970-01-02 02:10:00.000","intercites"
241,"1970-01-02 02:15:00.000","intercites"
22,"1970-01-02 02:15:00.000","sncb"
4,"1970-01-02 02:15:00.000","tgv"
27992,"1970-01-02 02:15:00.000","swiss"
1893,"1970-01-02 02:15:00.000","uk"
39,"1970-01-02 02:15:00.000","ter"
241,"1970-01-02 02:20:00.000","intercites"
22,"1970-01-02 02:20:00.000","sncb"
34,"1970-01-02 02:20:00.000","ter"
1851,"1970-01-02 02:20:00.000","uk"
28260,"1970-01-02 02:20:00.000","swiss"
4,"1970-01-02 02:20:00.000","tgv"
241,"1970-01-02 02:25:00.000","intercites"
21,"1970-01-02 02:25:00.000","sncb"
4,"1970-01-02 02:25:00.000","tgv"
1814,"1970-01-02 02:25:00.000","uk"
27,"1970-01-02 02:25:00.000","ter"
28411,"1970-01-02 02:25:00.000","swiss"
28560,"1970-01-02 02:30:00.000","swiss"
1755,"1970-01-02 02:30:00.000","uk"
21,"1970-01-02 02:30:00.000","ter"
4,"1970-01-02 02:30:00.000","tgv"
241,"1970-01-02 02:30:00.000","intercites"
21,"1970-01-02 02:30:00.000","sncb"
28913,"1970-01-02 02:35:00.000","swiss"
25,"1970-01-02 02:35:00.000","ter"
1566,"1970-01-02 02:35:00.000","uk"
4,"1970-01-02 02:35:00.000","tgv"
21,"1970-01-02 02:35:00.000","sncb"
241,"1970-01-02 02:35:00.000","intercites"
4,"1970-01-02 02:40:00.000","tgv"
29069,"1970-01-02 02:40:00.000","swiss"
21,"1970-01-02 02:40:00.000","ter"
1325,"1970-01-02 02:40:00.000","uk"
241,"1970-01-02 02:40:00.000","intercites"
21,"1970-01-02 02:40:00.000","sncb"
241,"1970-01-02 02:45:00.000","intercites"
29416,"1970-01-02 02:45:00.000","swiss"
1279,"1970-01-02 02:45:00.000","uk"
23,"1970-01-02 02:45:00.000","ter"
4,"1970-01-02 02:45:00.000","tgv"
20,"1970-01-02 02:45:00.000","sncb"
241,"1970-01-02 02:50:00.000","intercites"
12,"1970-01-02 02:50:00.000","sncb"
4,"1970-01-02 02:50:00.000","tgv"
29677,"1970-01-02 02:50:00.000","swiss"
25,"1970-01-02 02:50:00.000","ter"
1201,"1970-01-02 02:50:00.000","uk"
4,"1970-01-02 02:55:00.000","tgv"
29798,"1970-01-02 02:55:00.000","swiss"
26,"1970-01-02 02:55:00.000","ter"
1093,"1970-01-02 02:55:00.000","uk"
12,"1970-01-02 02:55:00.000","sncb"
241,"1970-01-02 02:55:00.000","intercites"
4,"1970-01-02 03:00:00.000","tgv"
29926,"1970-01-02 03:00:00.000","swiss"
899,"1970-01-02 03:00:00.000","uk"
27,"1970-01-02 03:00:00.000","ter"
12,"1970-01-02 03:00:00.000","sncb"
241,"1970-01-02 03:00:00.000","intercites"
241,"1970-01-02 03:05:00.000","intercites"
12,"1970-01-02 03:05:00.000","sncb"
30292,"1970-01-02 03:05:00.000","swiss"
28,"1970-01-02 03:05:00.000","ter"
849,"1970-01-02 03:05:00.000","uk"
4,"1970-01-02 03:05:00.000","tgv"
30460,"1970-01-02 03:10:00.000","swiss"
836,"1970-01-02 03:10:00.000","uk"
27,"1970-01-02 03:10:00.000","ter"
4,"1970-01-02 03:10:00.000","tgv"
12,"1970-01-02 03:10:00.000","sncb"
241,"1970-01-02 03:10:00.000","intercites"
4,"1970-01-02 03:15:00.000","tgv"
241,"1970-01-02 03:15:00.000","intercites"
27,"1970-01-02 03:15:00.000","ter"
860,"1970-01-02 03:15:00.000","uk"
30712,"1970-01-02 03:15:00.000","swiss"
12,"1970-01-02 03:15:00.000","sncb"
12,"1970-01-02 03:20:00.000","sncb"
241,"1970-01-02 03:20:00.000","intercites"
27,"1970-01-02 03:20:00.000","ter"
840,"1970-01-02 03:20:00.000","uk"
30963,"1970-01-02 03:20:00.000","swiss"
4,"1970-01-02 03:20:00.000","tgv"
12,"1970-01-02 03:25:00.000","sncb"
4,"1970-01-02 03:25:00.000","tgv"
31026,"1970-01-02 03:25:00.000","swiss"
827,"1970-01-02 03:25:00.000","uk"
24,"1970-01-02 03:25:00.000","ter"
241,"1970-01-02 03:25:00.000","intercites"
241,"1970-01-02 03:30:00.000","intercites"
12,"1970-01-02 03:30:00.000","sncb"
4,"1970-01-02 03:30:00.000","tgv"
31043,"1970-01-02 03:30:00.000","swiss"
823,"1970-01-02 03:30:00.000","uk"
21,"1970-01-02 03:30:00.000","ter"
4,"1970-01-02 03:35:00.000","tgv"
24,"1970-01-02 03:35:00.000","ter"
857,"1970-01-02 03:35:00.000","uk"
31376,"1970-01-02 03:35:00.000","swiss"
241,"1970-01-02 03:35:00.000","intercites"
12,"1970-01-02 03:35:00.000","sncb"
241,"1970-01-02 03:40:00.000","intercites"
12,"1970-01-02 03:40:00.000","sncb"
4,"1970-01-02 03:40:00.000","tgv"
31570,"1970-01-02 03:40:00.000","swiss"
28,"1970-01-02 03:40:00.000","ter"
833,"1970-01-02 03:40:00.000","uk"
29,"1970-01-02 03:45:00.000","ter"
869,"1970-01-02 03:45:00.000","uk"
31819,"1970-01-02 03:45:00.000","swiss"
4,"1970-01-02 03:45:00.000","tgv"
15,"1970-01-02 03:45:00.000","sncb"
241,"1970-01-02 03:45:00.000","intercites"
241,"1970-01-02 03:50:00.000","intercites"
15,"1970-01-02 03:50:00.000","sncb"
4,"1970-01-02 03:50:00.000","tgv"
918,"1970-01-02 03:50:00.000","uk"
32,"1970-01-02 03:50:00.000","ter"
31991,"1970-01-02 03:50:00.000","swiss"
15,"1970-01-02 03:55:00.000","sncb"
243,"1970-01-02 03:55:00.000","intercites"
4,"1970-01-02 03:55:00.000","tgv"
32123,"1970-01-02 03:55:00.000","swiss"
33,"1970-01-02 03:55:00.000","ter"
969,"1970-01-02 03:55:00.000","uk"
32163,"1970-01-02 04:00:00.000","swiss"
31,"1970-01-02 04:00:00.000","ter"
979,"1970-01-02 04:00:00.000","uk"
4,"1970-01-02 04:00:00.000","tgv"
246,"1970-01-02 04:00:00.000","intercites"
15,"1970-01-02 04:00:00.000","sncb"
32429,"1970-01-02 04:05:00.000","swiss"
36,"1970-01-02 04:05:00.000","ter"
947,"1970-01-02 04:05:00.000","uk"
4,"1970-01-02 04:05:00.000","tgv"
19,"1970-01-02 04:05:00.000","sncb"
246,"1970-01-02 04:05:00.000","intercites"
44,"1970-01-02 04:10:00.000","sncb"
4,"1970-01-02 04:10:00.000","tgv"
250,"1970-01-02 04:10:00.000","intercites"
32769,"1970-01-02 04:10:00.000","swiss"
991,"1970-01-02 04:10:00.000","uk"
40,"1970-01-02 04:10:00.000","ter"
250,"1970-01-02 04:15:00.000","intercites"
51,"1970-01-02 04:15:00.000","sncb"
4,"1970-01-02 04:15:00.000","tgv"
33125,"1970-01-02 04:15:00.000","swiss"
1066,"1970-01-02 04:15:00.000","uk"
48,"1970-01-02 04:15:00.000","ter"
250,"1970-01-02 04:20:00.000","intercites"
64,"1970-01-02 04:20:00.000","ter"
1122,"1970-01-02 04:20:00.000","uk"
33471,"1970-01-02 04:20:00.000","swiss"
4,"1970-01-02 04:20:00.000","tgv"
64,"1970-01-02 04:20:00.000","sncb"
250,"1970-01-02 04:25:00.000","intercites"
77,"1970-01-02 04:25:00.000","sncb"
4,"1970-01-02 04:25:00.000","tgv"
68,"1970-01-02 04:25:00.000","ter"
1173,"1970-01-02 04:25:00.000","uk"
33701,"1970-01-02 04:25:00.000","swiss"
4,"1970-01-02 04:30:00.000","tgv"
1193,"1970-01-02 04:30:00.000","uk"
71,"1970-01-02 04:30:00.000","ter"
250,"1970-01-02 04:30:00.000","intercites"
34006,"1970-01-02 04:30:00.000","swiss"
89,"1970-01-02 04:30:00.000","sncb"
250,"1970-01-02 04:35:00.000","intercites"
103,"1970-01-02 04:35:00.000","sncb"
4,"1970-01-02 04:35:00.000","tgv"
86,"1970-01-02 04:35:00.000","ter"
1357,"1970-01-02 04:35:00.000","uk"
34546,"1970-01-02 04:35:00.000","swiss"
141,"1970-01-02 04:40:00.000","sncb"
4,"1970-01-02 04:40:00.000","tgv"
106,"1970-01-02 04:40:00.000","ter"
1469,"1970-01-02 04:40:00.000","uk"
250,"1970-01-02 04:40:00.000","intercites"
35241,"1970-01-02 04:40:00.000","swiss"
250,"1970-01-02 04:45:00.000","intercites"
4,"1970-01-02 04:45:00.000","tgv"
35626,"1970-01-02 04:45:00.000","swiss"
129,"1970-01-02 04:45:00.000","ter"
1630,"1970-01-02 04:45:00.000","uk"
180,"1970-01-02 04:45:00.000","sncb"
5,"1970-01-02 04:50:00.000","tgv"
36283,"1970-01-02 04:50:00.000","swiss"
167,"1970-01-02 04:50:00.000","ter"
1712,"1970-01-02 04:50:00.000","uk"
251,"1970-01-02 04:50:00.000","intercites"
220,"1970-01-02 04:50:00.000","sncb"
36810,"1970-01-02 04:55:00.000","swiss"
1818,"1970-01-02 04:55:00.000","uk"
195,"1970-01-02 04:55:00.000","ter"
258,"1970-01-02 04:55:00.000","intercites"
15,"1970-01-02 04:55:00.000","tgv"
254,"1970-01-02 04:55:00.000","sncb"
271,"1970-01-02 05:00:00.000","sncb"
37588,"1970-01-02 05:00:00.000","swiss"
2033,"1970-01-02 05:00:00.000","uk"
240,"1970-01-02 05:00:00.000","ter"
15,"1970-01-02 05:00:00.000","tgv"
261,"1970-01-02 05:00:00.000","intercites"
261,"1970-01-02 05:05:00.000","intercites"
15,"1970-01-02 05:05:00.000","tgv"
39071,"1970-01-02 05:05:00.000","swiss"
289,"1970-01-02 05:05:00.000","ter"
2266,"1970-01-02 05:05:00.000","uk"
293,"1970-01-02 05:05:00.000","sncb"
261,"1970-01-02 05:10:00.000","intercites"
348,"1970-01-02 05:10:00.000","ter"
2574,"1970-01-02 05:10:00.000","uk"
40353,"1970-01-02 05:10:00.000","swiss"
36,"1970-01-02 05:10:00.000","tgv"
358,"1970-01-02 05:10:00.000","sncb"
389,"1970-01-02 05:15:00.000","ter"
2909,"1970-01-02 05:15:00.000","uk"
41289,"1970-01-02 05:15:00.000","swiss"
65,"1970-01-02 05:15:00.000","tgv"
261,"1970-01-02 05:15:00.000","intercites"
414,"1970-01-02 05:15:00.000","sncb"
261,"1970-01-02 05:20:00.000","intercites"
483,"1970-01-02 05:20:00.000","sncb"
85,"1970-01-02 05:20:00.000","tgv"
3313,"1970-01-02 05:20:00.000","uk"
463,"1970-01-02 05:20:00.000","ter"
42693,"1970-01-02 05:20:00.000","swiss"
140,"1970-01-02 05:25:00.000","tgv"
511,"1970-01-02 05:25:00.000","ter"
3640,"1970-01-02 05:25:00.000","uk"
43222,"1970-01-02 05:25:00.000","swiss"
544,"1970-01-02 05:25:00.000","sncb"
267,"1970-01-02 05:25:00.000","intercites"
43964,"1970-01-02 05:30:00.000","swiss"
583,"1970-01-02 05:30:00.000","ter"
4105,"1970-01-02 05:30:00.000","uk"
157,"1970-01-02 05:30:00.000","tgv"
269,"1970-01-02 05:30:00.000","intercites"
578,"1970-01-02 05:30:00.000","sncb"
45594,"1970-01-02 05:35:00.000","swiss"
733,"1970-01-02 05:35:00.000","ter"
4442,"1970-01-02 05:35:00.000","uk"
185,"1970-01-02 05:35:00.000","tgv"
627,"1970-01-02 05:35:00.000","sncb"
269,"1970-01-02 05:35:00.000","intercites"
723,"1970-01-02 05:40:00.000","sncb"
225,"1970-01-02 05:40:00.000","tgv"
851,"1970-01-02 05:40:00.000","ter"
4690,"1970-01-02 05:40:00.000","uk"
269,"1970-01-02 05:40:00.000","intercites"
46838,"1970-01-02 05:40:00.000","swiss"
783,"1970-01-02 05:45:00.000","sncb"
269,"1970-01-02 05:45:00.000","intercites"
47351,"1970-01-02 05:45:00.000","swiss"
5291,"1970-01-02 05:45:00.000","uk"
979,"1970-01-02 05:45:00.000","ter"
244,"1970-01-02 05:45:00.000","tgv"
302,"1970-01-02 05:50:00.000","tgv"
1107,"1970-01-02 05:50:00.000","ter"
5813,"1970-01-02 05:50:00.000","uk"
48538,"1970-01-02 05:50:00.000","swiss"
850,"1970-01-02 05:50:00.000","sncb"
270,"1970-01-02 05:50:00.000","intercites"
6236,"1970-01-02 05:55:00.000","uk"
1242,"1970-01-02 05:55:00.000","ter"
48947,"1970-01-02 05:55:00.000","swiss"
341,"1970-01-02 05:55:00.000","tgv"
272,"1970-01-02 05:55:00.000","intercites"
917,"1970-01-02 05:55:00.000","sncb"
275,"1970-01-02 06:00:00.000","intercites"
987,"1970-01-02 06:00:00.000","sncb"
475,"1970-01-02 06:00:00.000","tgv"
49394,"1970-01-02 06:00:00.000","swiss"
6811,"1970-01-02 06:00:00.000","uk"
1398,"1970-01-02 06:00:00.000","ter"
7346,"1970-01-02 06:05:00.000","uk"
1653,"1970-01-02 06:05:00.000","ter"
51303,"1970-01-02 06:05:00.000","swiss"
552,"1970-01-02 06:05:00.000","tgv"
1118,"1970-01-02 06:05:00.000","sncb"
275,"1970-01-02 06:05:00.000","intercites"
282,"1970-01-02 06:10:00.000","intercites"
1275,"1970-01-02 06:10:00.000","sncb"
7730,"1970-01-02 06:10:00.000","uk"
1840,"1970-01-02 06:10:00.000","ter"
52322,"1970-01-02 06:10:00.000","swiss"
602,"1970-01-02 06:10:00.000","tgv"
282,"1970-01-02 06:15:00.000","intercites"
1377,"1970-01-02 06:15:00.000","sncb"
701,"1970-01-02 06:15:00.000","tgv"
8280,"1970-01-02 06:15:00.000","uk"
2011,"1970-01-02 06:15:00.000","ter"
52650,"1970-01-02 06:15:00.000","swiss"
749,"1970-01-02 06:20:00.000","tgv"
8843,"1970-01-02 06:20:00.000","uk"
2220,"1970-01-02 06:20:00.000","ter"
53954,"1970-01-02 06:20:00.000","swiss"
284,"1970-01-02 06:20:00.000","intercites"
1535,"1970-01-02 06:20:00.000","sncb"
287,"1970-01-02 06:25:00.000","intercites"
1592,"1970-01-02 06:25:00.000","sncb"
797,"1970-01-02 06:25:00.000","tgv"
9266,"1970-01-02 06:25:00.000","uk"
2362,"1970-01-02 06:25:00.000","ter"
53638,"1970-01-02 06:25:00.000","swiss"
306,"1970-01-02 06:30:00.000","intercites"
1639,"1970-01-02 06:30:00.000","sncb"
9748,"1970-01-02 06:30:00.000","uk"
2577,"1970-01-02 06:30:00.000","ter"
53506,"1970-01-02 06:30:00.000","swiss"
868,"1970-01-02 06:30:00.000","tgv"
10153,"1970-01-02 06:35:00.000","uk"
2782,"1970-01-02 06:35:00.000","ter"
55428,"1970-01-02 06:35:00.000","swiss"
971,"1970-01-02 06:35:00.000","tgv"
1730,"1970-01-02 06:35:00.000","sncb"
318,"1970-01-02 06:35:00.000","intercites"
1061,"1970-01-02 06:40:00.000","tgv"
10553,"1970-01-02 06:40:00.000","uk"
3017,"1970-01-02 06:40:00.000","ter"
323,"1970-01-02 06:40:00.000","intercites"
56385,"1970-01-02 06:40:00.000","swiss"
1873,"1970-01-02 06:40:00.000","sncb"
330,"1970-01-02 06:45:00.000","intercites"
1912,"1970-01-02 06:45:00.000","sncb"
1152,"1970-01-02 06:45:00.000","tgv"
10990,"1970-01-02 06:45:00.000","uk"
3218,"1970-01-02 06:45:00.000","ter"
56556,"1970-01-02 06:45:00.000","swiss"
1970,"1970-01-02 06:50:00.000","sncb"
3374,"1970-01-02 06:50:00.000","ter"
332,"1970-01-02 06:50:00.000","intercites"
11389,"1970-01-02 06:50:00.000","uk"
57840,"1970-01-02 06:50:00.000","swiss"
1246,"1970-01-02 06:50:00.000","tgv"
331,"1970-01-02 06:55:00.000","intercites"
1318,"1970-01-02 06:55:00.000","tgv"
11632,"1970-01-02 06:55:00.000","uk"
3475,"1970-01-02 06:55:00.000","ter"
57276,"1970-01-02 06:55:00.000","swiss"
1964,"1970-01-02 06:55:00.000","sncb"
2003,"1970-01-02 07:00:00.000","sncb"
326,"1970-01-02 07:00:00.000","intercites"
57056,"1970-01-02 07:00:00.000","swiss"
12029,"1970-01-02 07:00:00.000","uk"
3620,"1970-01-02 07:00:00.000","ter"
1504,"1970-01-02 07:00:00.000","tgv"
313,"1970-01-02 07:05:00.000","intercites"
2100,"1970-01-02 07:05:00.000","sncb"
1570,"1970-01-02 07:05:00.000","tgv"
58769,"1970-01-02 07:05:00.000","swiss"
3809,"1970-01-02 07:05:00.000","ter"
12411,"1970-01-02 07:05:00.000","uk"
2239,"1970-01-02 07:10:00.000","sncb"
316,"1970-01-02 07:10:00.000","intercites"
1628,"1970-01-02 07:10:00.000","tgv"
12642,"1970-01-02 07:10:00.000","uk"
3955,"1970-01-02 07:10:00.000","ter"
59162,"1970-01-02 07:10:00.000","swiss"
1729,"1970-01-02 07:15:00.000","tgv"
13066,"1970-01-02 07:15:00.000","uk"
4024,"1970-01-02 07:15:00.000","ter"
58912,"1970-01-02 07:15:00.000","swiss"
329,"1970-01-02 07:15:00.000","intercites"
2336,"1970-01-02 07:15:00.000","sncb"
348,"1970-01-02 07:20:00.000","intercites"
1792,"1970-01-02 07:20:00.000","tgv"
60022,"1970-01-02 07:20:00.000","swiss"
4157,"1970-01-02 07:20:00.000","ter"
13422,"1970-01-02 07:20:00.000","uk"
2414,"1970-01-02 07:20:00.000","sncb"
1854,"1970-01-02 07:25:00.000","tgv"
4088,"1970-01-02 07:25:00.000","ter"
13535,"1970-01-02 07:25:00.000","uk"
59383,"1970-01-02 07:25:00.000","swiss"
2330,"1970-01-02 07:25:00.000","sncb"
348,"1970-01-02 07:25:00.000","intercites"
355,"1970-01-02 07:30:00.000","intercites"
2347,"1970-01-02 07:30:00.000","sncb"
58530,"1970-01-02 07:30:00.000","swiss"
13983,"1970-01-02 07:30:00.000","uk"
4069,"1970-01-02 07:30:00.000","ter"
1906,"1970-01-02 07:30:00.000","tgv"
2404,"1970-01-02 07:35:00.000","sncb"
1998,"1970-01-02 07:35:00.000","tgv"
60333,"1970-01-02 07:35:00.000","swiss"
14224,"1970-01-02 07:35:00.000","uk"
4172,"1970-01-02 07:35:00.000","ter"
338,"1970-01-02 07:35:00.000","intercites"
2042,"1970-01-02 07:40:00.000","tgv"
14265,"1970-01-02 07:40:00.000","uk"
4228,"1970-01-02 07:40:00.000","ter"
60754,"1970-01-02 07:40:00.000","swiss"
2561,"1970-01-02 07:40:00.000","sncb"
368,"1970-01-02 07:40:00.000","intercites"
378,"1970-01-02 07:45:00.000","intercites"
2556,"1970-01-02 07:45:00.000","sncb"
2117,"1970-01-02 07:45:00.000","tgv"
60184,"1970-01-02 07:45:00.000","swiss"
4256,"1970-01-02 07:45:00.000","ter"
14545,"1970-01-02 07:45:00.000","uk"
379,"1970-01-02 07:50:00.000","intercites"
2194,"1970-01-02 07:50:00.000","tgv"
60961,"1970-01-02 07:50:00.000","swiss"
14958,"1970-01-02 07:50:00.000","uk"
4221,"1970-01-02 07:50:00.000","ter"
2567,"1970-01-02 07:50:00.000","sncb"
60211,"1970-01-02 07:55:00.000","swiss"
4077,"1970-01-02 07:55:00.000","ter"
15081,"1970-01-02 07:55:00.000","uk"
2313,"1970-01-02 07:55:00.000","tgv"
2470,"1970-01-02 07:55:00.000","sncb"
356,"1970-01-02 07:55:00.000","intercites"
2449,"1970-01-02 08:00:00.000","sncb"
379,"1970-01-02 08:00:00.000","intercites"
59357,"1970-01-02 08:00:00.000","swiss"
4057,"1970-01-02 08:00:00.000","ter"
15447,"1970-01-02 08:00:00.000","uk"
2371,"1970-01-02 08:00:00.000","tgv"
2507,"1970-01-02 08:05:00.000","sncb"
2391,"1970-01-02 08:05:00.000","tgv"
4123,"1970-01-02 08:05:00.000","ter"
15645,"1970-01-02 08:05:00.000","uk"
61318,"1970-01-02 08:05:00.000","swiss"
380,"1970-01-02 08:05:00.000","intercites"
2621,"1970-01-02 08:10:00.000","sncb"
2402,"1970-01-02 08:10:00.000","tgv"
4274,"1970-01-02 08:10:00.000","ter"
15645,"1970-01-02 08:10:00.000","uk"
61729,"1970-01-02 08:10:00.000","swiss"
386,"1970-01-02 08:10:00.000","intercites"
395,"1970-01-02 08:15:00.000","intercites"
2705,"1970-01-02 08:15:00.000","sncb"
16020,"1970-01-02 08:15:00.000","uk"
4158,"1970-01-02 08:15:00.000","ter"
61216,"1970-01-02 08:15:00.000","swiss"
2488,"1970-01-02 08:15:00.000","tgv"
403,"1970-01-02 08:20:00.000","intercites"
2719,"1970-01-02 08:20:00.000","sncb"
62456,"1970-01-02 08:20:00.000","swiss"
4160,"1970-01-02 08:20:00.000","ter"
16360,"1970-01-02 08:20:00.000","uk"
2528,"1970-01-02 08:20:00.000","tgv"
384,"1970-01-02 08:25:00.000","intercites"
2628,"1970-01-02 08:25:00.000","sncb"
2559,"1970-01-02 08:25:00.000","tgv"
4042,"1970-01-02 08:25:00.000","ter"
16392,"1970-01-02 08:25:00.000","uk"
61643,"1970-01-02 08:25:00.000","swiss"
2613,"1970-01-02 08:30:00.000","sncb"
403,"1970-01-02 08:30:00.000","intercites"
61106,"1970-01-02 08:30:00.000","swiss"
16736,"1970-01-02 08:30:00.000","uk"
3973,"1970-01-02 08:30:00.000","ter"
2600,"1970-01-02 08:30:00.000","tgv"
2573,"1970-01-02 08:35:00.000","tgv"
398,"1970-01-02 08:35:00.000","intercites"
63872,"1970-01-02 08:35:00.000","swiss"
3981,"1970-01-02 08:35:00.000","ter"
16879,"1970-01-02 08:35:00.000","uk"
2649,"1970-01-02 08:35:00.000","sncb"
16901,"1970-01-02 08:40:00.000","uk"
3939,"1970-01-02 08:40:00.000","ter"
64988,"1970-01-02 08:40:00.000","swiss"
2555,"1970-01-02 08:40:00.000","tgv"
2799,"1970-01-02 08:40:00.000","sncb"
394,"1970-01-02 08:40:00.000","intercites"
65034,"1970-01-02 08:45:00.000","swiss"
3804,"1970-01-02 08:45:00.000","ter"
17053,"1970-01-02 08:45:00.000","uk"
2566,"1970-01-02 08:45:00.000","tgv"
2771,"1970-01-02 08:45:00.000","sncb"
398,"1970-01-02 08:45:00.000","intercites"
66579,"1970-01-02 08:50:00.000","swiss"
17337,"1970-01-02 08:50:00.000","uk"
3699,"1970-01-02 08:50:00.000","ter"
2588,"1970-01-02 08:50:00.000","tgv"
2735,"1970-01-02 08:50:00.000","sncb"
396,"1970-01-02 08:50:00.000","intercites"
17305,"1970-01-02 08:55:00.000","uk"
3553,"1970-01-02 08:55:00.000","ter"
65847,"1970-01-02 08:55:00.000","swiss"
398,"1970-01-02 08:55:00.000","intercites"
2570,"1970-01-02 08:55:00.000","tgv"
2623,"1970-01-02 08:55:00.000","sncb"
17696,"1970-01-02 09:00:00.000","uk"
3486,"1970-01-02 09:00:00.000","ter"
65577,"1970-01-02 09:00:00.000","swiss"
2625,"1970-01-02 09:00:00.000","tgv"
2583,"1970-01-02 09:00:00.000","sncb"
396,"1970-01-02 09:00:00.000","intercites"
2648,"1970-01-02 09:05:00.000","sncb"
2598,"1970-01-02 09:05:00.000","tgv"
3542,"1970-01-02 09:05:00.000","ter"
17837,"1970-01-02 09:05:00.000","uk"
68138,"1970-01-02 09:05:00.000","swiss"
398,"1970-01-02 09:05:00.000","intercites"
3509,"1970-01-02 09:10:00.000","ter"
17790,"1970-01-02 09:10:00.000","uk"
68854,"1970-01-02 09:10:00.000","swiss"
2628,"1970-01-02 09:10:00.000","tgv"
2770,"1970-01-02 09:10:00.000","sncb"
375,"1970-01-02 09:10:00.000","intercites"
68604,"1970-01-02 09:15:00.000","swiss"
3454,"1970-01-02 09:15:00.000","ter"
18128,"1970-01-02 09:15:00.000","uk"
2617,"1970-01-02 09:15:00.000","tgv"
379,"1970-01-02 09:15:00.000","intercites"
2828,"1970-01-02 09:15:00.000","sncb"
2835,"1970-01-02 09:20:00.000","sncb"
69412,"1970-01-02 09:20:00.000","swiss"
18443,"1970-01-02 09:20:00.000","uk"
3420,"1970-01-02 09:20:00.000","ter"
2600,"1970-01-02 09:20:00.000","tgv"
366,"1970-01-02 09:20:00.000","intercites"
369,"1970-01-02 09:25:00.000","intercites"
2722,"1970-01-02 09:25:00.000","sncb"
2616,"1970-01-02 09:25:00.000","tgv"
18409,"1970-01-02 09:25:00.000","uk"
3322,"1970-01-02 09:25:00.000","ter"
68353,"1970-01-02 09:25:00.000","swiss"
371,"1970-01-02 09:30:00.000","intercites"
2693,"1970-01-02 09:30:00.000","sncb"
2642,"1970-01-02 09:30:00.000","tgv"
67533,"1970-01-02 09:30:00.000","swiss"
3261,"1970-01-02 09:30:00.000","ter"
18736,"1970-01-02 09:30:00.000","uk"
2750,"1970-01-02 09:35:00.000","sncb"
362,"1970-01-02 09:35:00.000","intercites"
18764,"1970-01-02 09:35:00.000","uk"
3238,"1970-01-02 09:35:00.000","ter"
69073,"1970-01-02 09:35:00.000","swiss"
2629,"1970-01-02 09:35:00.000","tgv"
352,"1970-01-02 09:40:00.000","intercites"
2659,"1970-01-02 09:40:00.000","tgv"
3229,"1970-01-02 09:40:00.000","ter"
18707,"1970-01-02 09:40:00.000","uk"
69348,"1970-01-02 09:40:00.000","swiss"
2899,"1970-01-02 09:40:00.000","sncb"
69067,"1970-01-02 09:45:00.000","swiss"
3189,"1970-01-02 09:45:00.000","ter"
18784,"1970-01-02 09:45:00.000","uk"
2651,"1970-01-02 09:45:00.000","tgv"
2869,"1970-01-02 09:45:00.000","sncb"
353,"1970-01-02 09:45:00.000","intercites"
350,"1970-01-02 09:50:00.000","intercites"
2807,"1970-01-02 09:50:00.000","sncb"
2617,"1970-01-02 09:50:00.000","tgv"
18986,"1970-01-02 09:50:00.000","uk"
3134,"1970-01-02 09:50:00.000","ter"
69710,"1970-01-02 09:50:00.000","swiss"
2686,"1970-01-02 09:55:00.000","sncb"
2616,"1970-01-02 09:55:00.000","tgv"
3029,"1970-01-02 09:55:00.000","ter"
18921,"1970-01-02 09:55:00.000","uk"
68710,"1970-01-02 09:55:00.000","swiss"
346,"1970-01-02 09:55:00.000","intercites"
19187,"1970-01-02 10:00:00.000","uk"
2960,"1970-01-02 10:00:00.000","ter"
68124,"1970-01-02 10:00:00.000","swiss"
2702,"1970-01-02 10:00:00.000","tgv"
340,"1970-01-02 10:00:00.000","intercites"
2642,"1970-01-02 10:00:00.000","sncb"
69540,"1970-01-02 10:05:00.000","swiss"
2939,"1970-01-02 10:05:00.000","ter"
19189,"1970-01-02 10:05:00.000","uk"
2710,"1970-01-02 10:05:00.000","tgv"
2699,"1970-01-02 10:05:00.000","sncb"
337,"1970-01-02 10:05:00.000","intercites"
341,"1970-01-02 10:10:00.000","intercites"
69628,"1970-01-02 10:10:00.000","swiss"
2980,"1970-01-02 10:10:00.000","ter"
19085,"1970-01-02 10:10:00.000","uk"
2708,"1970-01-02 10:10:00.000","tgv"
2794,"1970-01-02 10:10:00.000","sncb"
330,"1970-01-02 10:15:00.000","intercites"
2865,"1970-01-02 10:15:00.000","sncb"
2688,"1970-01-02 10:15:00.000","tgv"
69259,"1970-01-02 10:15:00.000","swiss"
2952,"1970-01-02 10:15:00.000","ter"
19342,"1970-01-02 10:15:00.000","uk"
332,"1970-01-02 10:20:00.000","intercites"
2844,"1970-01-02 10:20:00.000","sncb"
2732,"1970-01-02 10:20:00.000","tgv"
70006,"1970-01-02 10:20:00.000","swiss"
2952,"1970-01-02 10:20:00.000","ter"
19489,"1970-01-02 10:20:00.000","uk"
337,"1970-01-02 10:25:00.000","intercites"
2746,"1970-01-02 10:25:00.000","sncb"
2722,"1970-01-02 10:25:00.000","tgv"
68953,"1970-01-02 10:25:00.000","swiss"
2911,"1970-01-02 10:25:00.000","ter"
19430,"1970-01-02 10:25:00.000","uk"
2722,"1970-01-02 10:30:00.000","sncb"
2690,"1970-01-02 10:30:00.000","tgv"
68198,"1970-01-02 10:30:00.000","swiss"
2878,"1970-01-02 10:30:00.000","ter"
19714,"1970-01-02 10:30:00.000","uk"
363,"1970-01-02 10:30:00.000","intercites"
355,"1970-01-02 10:35:00.000","intercites"
69700,"1970-01-02 10:35:00.000","swiss"
2929,"1970-01-02 10:35:00.000","ter"
19609,"1970-01-02 10:35:00.000","uk"
2719,"1970-01-02 10:35:00.000","tgv"
2766,"1970-01-02 10:35:00.000","sncb"
2906,"1970-01-02 10:40:00.000","sncb"
69950,"1970-01-02 10:40:00.000","swiss"
19433,"1970-01-02 10:40:00.000","uk"
2996,"1970-01-02 10:40:00.000","ter"
2799,"1970-01-02 10:40:00.000","tgv"
344,"1970-01-02 10:40:00.000","intercites"
2860,"1970-01-02 10:45:00.000","sncb"
2769,"1970-01-02 10:45:00.000","tgv"
69641,"1970-01-02 10:45:00.000","swiss"
2993,"1970-01-02 10:45:00.000","ter"
19451,"1970-01-02 10:45:00.000","uk"
342,"1970-01-02 10:45:00.000","intercites"
2781,"1970-01-02 10:50:00.000","sncb"
2832,"1970-01-02 10:50:00.000","tgv"
19639,"1970-01-02 10:50:00.000","uk"
2978,"1970-01-02 10:50:00.000","ter"
341,"1970-01-02 10:50:00.000","intercites"
70288,"1970-01-02 10:50:00.000","swiss"
341,"1970-01-02 10:55:00.000","intercites"
2824,"1970-01-02 10:55:00.000","tgv"
69265,"1970-01-02 10:55:00.000","swiss"
19598,"1970-01-02 10:55:00.000","uk"
2960,"1970-01-02 10:55:00.000","ter"
2657,"1970-01-02 10:55:00.000","sncb"
2871,"1970-01-02 11:00:00.000","tgv"
19802,"1970-01-02 11:00:00.000","uk"
2972,"1970-01-02 11:00:00.000","ter"
68699,"1970-01-02 11:00:00.000","swiss"
340,"1970-01-02 11:00:00.000","intercites"
2602,"1970-01-02 11:00:00.000","sncb"
342,"1970-01-02 11:05:00.000","intercites"
2671,"1970-01-02 11:05:00.000","sncb"
2906,"1970-01-02 11:05:00.000","tgv"
19777,"1970-01-02 11:05:00.000","uk"
2975,"1970-01-02 11:05:00.000","ter"
69994,"1970-01-02 11:05:00.000","swiss"
2821,"1970-01-02 11:10:00.000","tgv"
3023,"1970-01-02 11:10:00.000","ter"
19588,"1970-01-02 11:10:00.000","uk"
70032,"1970-01-02 11:10:00.000","swiss"
2754,"1970-01-02 11:10:00.000","sncb"
334,"1970-01-02 11:10:00.000","intercites"
2813,"1970-01-02 11:15:00.000","sncb"
2836,"1970-01-02 11:15:00.000","tgv"
69691,"1970-01-02 11:15:00.000","swiss"
19912,"1970-01-02 11:15:00.000","uk"
2967,"1970-01-02 11:15:00.000","ter"
331,"1970-01-02 11:15:00.000","intercites"
2833,"1970-01-02 11:20:00.000","tgv"
70524,"1970-01-02 11:20:00.000","swiss"
2996,"1970-01-02 11:20:00.000","ter"
19986,"1970-01-02 11:20:00.000","uk"
2799,"1970-01-02 11:20:00.000","sncb"
328,"1970-01-02 11:20:00.000","intercites"
69504,"1970-01-02 11:25:00.000","swiss"
328,"1970-01-02 11:25:00.000","intercites"
19858,"1970-01-02 11:25:00.000","uk"
2981,"1970-01-02 11:25:00.000","ter"
2827,"1970-01-02 11:25:00.000","tgv"
2667,"1970-01-02 11:25:00.000","sncb"
68792,"1970-01-02 11:30:00.000","swiss"
20040,"1970-01-02 11:30:00.000","uk"
2976,"1970-01-02 11:30:00.000","ter"
2802,"1970-01-02 11:30:00.000","tgv"
2630,"1970-01-02 11:30:00.000","sncb"
333,"1970-01-02 11:30:00.000","intercites"
335,"1970-01-02 11:35:00.000","intercites"
2685,"1970-01-02 11:35:00.000","sncb"
2793,"1970-01-02 11:35:00.000","tgv"
70307,"1970-01-02 11:35:00.000","swiss"
19900,"1970-01-02 11:35:00.000","uk"
3022,"1970-01-02 11:35:00.000","ter"
333,"1970-01-02 11:40:00.000","intercites"
2780,"1970-01-02 11:40:00.000","tgv"
70713,"1970-01-02 11:40:00.000","swiss"
3036,"1970-01-02 11:40:00.000","ter"
19725,"1970-01-02 11:40:00.000","uk"
2824,"1970-01-02 11:40:00.000","sncb"
330,"1970-01-02 11:45:00.000","intercites"
2742,"1970-01-02 11:45:00.000","tgv"
19670,"1970-01-02 11:45:00.000","uk"
3019,"1970-01-02 11:45:00.000","ter"
70471,"1970-01-02 11:45:00.000","swiss"
2782,"1970-01-02 11:45:00.000","sncb"
2715,"1970-01-02 11:50:00.000","sncb"
3008,"1970-01-02 11:50:00.000","ter"
19772,"1970-01-02 11:50:00.000","uk"
71210,"1970-01-02 11:50:00.000","swiss"
319,"1970-01-02 11:50:00.000","intercites"
2656,"1970-01-02 11:50:00.000","tgv"
2920,"1970-01-02 11:55:00.000","ter"
19681,"1970-01-02 11:55:00.000","uk"
70296,"1970-01-02 11:55:00.000","swiss"
294,"1970-01-02 11:55:00.000","intercites"
2654,"1970-01-02 11:55:00.000","tgv"
2595,"1970-01-02 11:55:00.000","sncb"
287,"1970-01-02 12:00:00.000","intercites"
2558,"1970-01-02 12:00:00.000","sncb"
2694,"1970-01-02 12:00:00.000","tgv"
19812,"1970-01-02 12:00:00.000","uk"
2912,"1970-01-02 12:00:00.000","ter"
69806,"1970-01-02 12:00:00.000","swiss"
269,"1970-01-02 12:05:00.000","intercites"
71101,"1970-01-02 12:05:00.000","swiss"
19733,"1970-01-02 12:05:00.000","uk"
2955,"1970-01-02 12:05:00.000","ter"
2654,"1970-01-02 12:05:00.000","tgv"
2629,"1970-01-02 12:05:00.000","sncb"
3046,"1970-01-02 12:10:00.000","ter"
19523,"1970-01-02 12:10:00.000","uk"
71125,"1970-01-02 12:10:00.000","swiss"
2678,"1970-01-02 12:10:00.000","tgv"
2723,"1970-01-02 12:10:00.000","sncb"
274,"1970-01-02 12:10:00.000","intercites"
278,"1970-01-02 12:15:00.000","intercites"
2793,"1970-01-02 12:15:00.000","sncb"
2767,"1970-01-02 12:15:00.000","tgv"
70772,"1970-01-02 12:15:00.000","swiss"
3204,"1970-01-02 12:15:00.000","ter"
19760,"1970-01-02 12:15:00.000","uk"
2785,"1970-01-02 12:20:00.000","sncb"
71395,"1970-01-02 12:20:00.000","swiss"
3305,"1970-01-02 12:20:00.000","ter"
19869,"1970-01-02 12:20:00.000","uk"
263,"1970-01-02 12:20:00.000","intercites"
2757,"1970-01-02 12:20:00.000","tgv"
261,"1970-01-02 12:25:00.000","intercites"
2691,"1970-01-02 12:25:00.000","sncb"
2705,"1970-01-02 12:25:00.000","tgv"
19737,"1970-01-02 12:25:00.000","uk"
3355,"1970-01-02 12:25:00.000","ter"
70087,"1970-01-02 12:25:00.000","swiss"
2737,"1970-01-02 12:30:00.000","tgv"
69188,"1970-01-02 12:30:00.000","swiss"
3402,"1970-01-02 12:30:00.000","ter"
19897,"1970-01-02 12:30:00.000","uk"
2656,"1970-01-02 12:30:00.000","sncb"
269,"1970-01-02 12:30:00.000","intercites"
2694,"1970-01-02 12:35:00.000","sncb"
2747,"1970-01-02 12:35:00.000","tgv"
70604,"1970-01-02 12:35:00.000","swiss"
19838,"1970-01-02 12:35:00.000","uk"
3507,"1970-01-02 12:35:00.000","ter"
251,"1970-01-02 12:35:00.000","intercites"
19666,"1970-01-02 12:40:00.000","uk"
3631,"1970-01-02 12:40:00.000","ter"
70856,"1970-01-02 12:40:00.000","swiss"
2734,"1970-01-02 12:40:00.000","tgv"
2838,"1970-01-02 12:40:00.000","sncb"
238,"1970-01-02 12:40:00.000","intercites"
19624,"1970-01-02 12:45:00.000","uk"
3576,"1970-01-02 12:45:00.000","ter"
256,"1970-01-02 12:45:00.000","intercites"
70501,"1970-01-02 12:45:00.000","swiss"
2726,"1970-01-02 12:45:00.000","tgv"
2807,"1970-01-02 12:45:00.000","sncb"
2759,"1970-01-02 12:50:00.000","tgv"
19766,"1970-01-02 12:50:00.000","uk"
3632,"1970-01-02 12:50:00.000","ter"
71255,"1970-01-02 12:50:00.000","swiss"
2731,"1970-01-02 12:50:00.000","sncb"
269,"1970-01-02 12:50:00.000","intercites"
3573,"1970-01-02 12:55:00.000","ter"
19633,"1970-01-02 12:55:00.000","uk"
70158,"1970-01-02 12:55:00.000","swiss"
2759,"1970-01-02 12:55:00.000","tgv"
2612,"1970-01-02 12:55:00.000","sncb"
271,"1970-01-02 12:55:00.000","intercites"
282,"1970-01-02 13:00:00.000","intercites"
2805,"1970-01-02 13:00:00.000","tgv"
69721,"1970-01-02 13:00:00.000","swiss"
3532,"1970-01-02 13:00:00.000","ter"
19754,"1970-01-02 13:00:00.000","uk"
2573,"1970-01-02 13:00:00.000","sncb"
283,"1970-01-02 13:05:00.000","intercites"
2766,"1970-01-02 13:05:00.000","tgv"
71318,"1970-01-02 13:05:00.000","swiss"
19639,"1970-01-02 13:05:00.000","uk"
3623,"1970-01-02 13:05:00.000","ter"
2632,"1970-01-02 13:05:00.000","sncb"
284,"1970-01-02 13:10:00.000","intercites"
2727,"1970-01-02 13:10:00.000","sncb"
3745,"1970-01-02 13:10:00.000","ter"
19520,"1970-01-02 13:10:00.000","uk"
71616,"1970-01-02 13:10:00.000","swiss"
2761,"1970-01-02 13:10:00.000","tgv"
2746,"1970-01-02 13:15:00.000","tgv"
71294,"1970-01-02 13:15:00.000","swiss"
19641,"1970-01-02 13:15:00.000","uk"
3717,"1970-01-02 13:15:00.000","ter"
2782,"1970-01-02 13:15:00.000","sncb"
288,"1970-01-02 13:15:00.000","intercites"
293,"1970-01-02 13:20:00.000","intercites"
72038,"1970-01-02 13:20:00.000","swiss"
3671,"1970-01-02 13:20:00.000","ter"
19700,"1970-01-02 13:20:00.000","uk"
2724,"1970-01-02 13:20:00.000","tgv"
2776,"1970-01-02 13:20:00.000","sncb"
2660,"1970-01-02 13:25:00.000","sncb"
306,"1970-01-02 13:25:00.000","intercites"
70887,"1970-01-02 13:25:00.000","swiss"
19524,"1970-01-02 13:25:00.000","uk"
3651,"1970-01-02 13:25:00.000","ter"
2653,"1970-01-02 13:25:00.000","tgv"
318,"1970-01-02 13:30:00.000","intercites"
2606,"1970-01-02 13:30:00.000","tgv"
70026,"1970-01-02 13:30:00.000","swiss"
3570,"1970-01-02 13:30:00.000","ter"
19698,"1970-01-02 13:30:00.000","uk"
2620,"1970-01-02 13:30:00.000","sncb"
2670,"1970-01-02 13:35:00.000","sncb"
71452,"1970-01-02 13:35:00.000","swiss"
308,"1970-01-02 13:35:00.000","intercites"
3606,"1970-01-02 13:35:00.000","ter"
19601,"1970-01-02 13:35:00.000","uk"
2619,"1970-01-02 13:35:00.000","tgv"
2607,"1970-01-02 13:40:00.000","tgv"
71755,"1970-01-02 13:40:00.000","swiss"
3562,"1970-01-02 13:40:00.000","ter"
19426,"1970-01-02 13:40:00.000","uk"
2803,"1970-01-02 13:40:00.000","sncb"
324,"1970-01-02 13:40:00.000","intercites"
2584,"1970-01-02 13:45:00.000","tgv"
71372,"1970-01-02 13:45:00.000","swiss"
3478,"1970-01-02 13:45:00.000","ter"
326,"1970-01-02 13:45:00.000","intercites"
19333,"1970-01-02 13:45:00.000","uk"
2773,"1970-01-02 13:45:00.000","sncb"
322,"1970-01-02 13:50:00.000","intercites"
19479,"1970-01-02 13:50:00.000","uk"
3364,"1970-01-02 13:50:00.000","ter"
71794,"1970-01-02 13:50:00.000","swiss"
2610,"1970-01-02 13:50:00.000","tgv"
2705,"1970-01-02 13:50:00.000","sncb"
2590,"1970-01-02 13:55:00.000","sncb"
324,"1970-01-02 13:55:00.000","intercites"
19329,"1970-01-02 13:55:00.000","uk"
3214,"1970-01-02 13:55:00.000","ter"
70684,"1970-01-02 13:55:00.000","swiss"
2679,"1970-01-02 13:55:00.000","tgv"
2562,"1970-01-02 14:00:00.000","sncb"
19526,"1970-01-02 14:00:00.000","uk"
3152,"1970-01-02 14:00:00.000","ter"
70074,"1970-01-02 14:00:00.000","swiss"
330,"1970-01-02 14:00:00.000","intercites"
2800,"1970-01-02 14:00:00.000","tgv"
2805,"1970-01-02 14:05:00.000","tgv"
19490,"1970-01-02 14:05:00.000","uk"
3111,"1970-01-02 14:05:00.000","ter"
71414,"1970-01-02 14:05:00.000","swiss"
339,"1970-01-02 14:05:00.000","intercites"
2612,"1970-01-02 14:05:00.000","sncb"
71428,"1970-01-02 14:10:00.000","swiss"
19288,"1970-01-02 14:10:00.000","uk"
3160,"1970-01-02 14:10:00.000","ter"
2856,"1970-01-02 14:10:00.000","tgv"
2692,"1970-01-02 14:10:00.000","sncb"
340,"1970-01-02 14:10:00.000","intercites"
336,"1970-01-02 14:15:00.000","intercites"
2765,"1970-01-02 14:15:00.000","sncb"
19420,"1970-01-02 14:15:00.000","uk"
3093,"1970-01-02 14:15:00.000","ter"
71057,"1970-01-02 14:15:00.000","swiss"
2791,"1970-01-02 14:15:00.000","tgv"
2743,"1970-01-02 14:20:00.000","sncb"
333,"1970-01-02 14:20:00.000","intercites"
3072,"1970-01-02 14:20:00.000","ter"
19495,"1970-01-02 14:20:00.000","uk"
71812,"1970-01-02 14:20:00.000","swiss"
2777,"1970-01-02 14:20:00.000","tgv"
334,"1970-01-02 14:25:00.000","intercites"
2651,"1970-01-02 14:25:00.000","sncb"
2952,"1970-01-02 14:25:00.000","ter"
19360,"1970-01-02 14:25:00.000","uk"
70614,"1970-01-02 14:25:00.000","swiss"
2720,"1970-01-02 14:25:00.000","tgv"
2686,"1970-01-02 14:30:00.000","tgv"
19617,"1970-01-02 14:30:00.000","uk"
2884,"1970-01-02 14:30:00.000","ter"
69876,"1970-01-02 14:30:00.000","swiss"
352,"1970-01-02 14:30:00.000","intercites"
2636,"1970-01-02 14:30:00.000","sncb"
333,"1970-01-02 14:35:00.000","intercites"
2657,"1970-01-02 14:35:00.000","sncb"
2641,"1970-01-02 14:35:00.000","tgv"
71261,"1970-01-02 14:35:00.000","swiss"
19559,"1970-01-02 14:35:00.000","uk"
2934,"1970-01-02 14:35:00.000","ter"
2591,"1970-01-02 14:40:00.000","tgv"
2917,"1970-01-02 14:40:00.000","ter"
19358,"1970-01-02 14:40:00.000","uk"
71540,"1970-01-02 14:40:00.000","swiss"
2801,"1970-01-02 14:40:00.000","sncb"
329,"1970-01-02 14:40:00.000","intercites"
2589,"1970-01-02 14:45:00.000","tgv"
2914,"1970-01-02 14:45:00.000","ter"
19376,"1970-01-02 14:45:00.000","uk"
71134,"1970-01-02 14:45:00.000","swiss"
2769,"1970-01-02 14:45:00.000","sncb"
333,"1970-01-02 14:45:00.000","intercites"
335,"1970-01-02 14:50:00.000","intercites"
2628,"1970-01-02 14:50:00.000","tgv"
2859,"1970-01-02 14:50:00.000","ter"
19460,"1970-01-02 14:50:00.000","uk"
71907,"1970-01-02 14:50:00.000","swiss"
2686,"1970-01-02 14:50:00.000","sncb"
2644,"1970-01-02 14:55:00.000","tgv"
19387,"1970-01-02 14:55:00.000","uk"
2751,"1970-01-02 14:55:00.000","ter"
70759,"1970-01-02 14:55:00.000","swiss"
2576,"1970-01-02 14:55:00.000","sncb"
340,"1970-01-02 14:55:00.000","intercites"
338,"1970-01-02 15:00:00.000","intercites"
70345,"1970-01-02 15:00:00.000","swiss"
2763,"1970-01-02 15:00:00.000","ter"
19577,"1970-01-02 15:00:00.000","uk"
2677,"1970-01-02 15:00:00.000","tgv"
2541,"1970-01-02 15:00:00.000","sncb"
2574,"1970-01-02 15:05:00.000","sncb"
71628,"1970-01-02 15:05:00.000","swiss"
19563,"1970-01-02 15:05:00.000","uk"
2800,"1970-01-02 15:05:00.000","ter"
2720,"1970-01-02 15:05:00.000","tgv"
325,"1970-01-02 15:05:00.000","intercites"
325,"1970-01-02 15:10:00.000","intercites"
2665,"1970-01-02 15:10:00.000","tgv"
71819,"1970-01-02 15:10:00.000","swiss"
19376,"1970-01-02 15:10:00.000","uk"
2896,"1970-01-02 15:10:00.000","ter"
2660,"1970-01-02 15:10:00.000","sncb"
2667,"1970-01-02 15:15:00.000","tgv"
71442,"1970-01-02 15:15:00.000","swiss"
2897,"1970-01-02 15:15:00.000","ter"
19585,"1970-01-02 15:15:00.000","uk"
324,"1970-01-02 15:15:00.000","intercites"
2695,"1970-01-02 15:15:00.000","sncb"
321,"1970-01-02 15:20:00.000","intercites"
2660,"1970-01-02 15:20:00.000","tgv"
72366,"1970-01-02 15:20:00.000","swiss"
2972,"1970-01-02 15:20:00.000","ter"
19649,"1970-01-02 15:20:00.000","uk"
2671,"1970-01-02 15:20:00.000","sncb"
2589,"1970-01-02 15:25:00.000","tgv"
71374,"1970-01-02 15:25:00.000","swiss"
19506,"1970-01-02 15:25:00.000","uk"
2914,"1970-01-02 15:25:00.000","ter"
317,"1970-01-02 15:25:00.000","intercites"
2548,"1970-01-02 15:25:00.000","sncb"
317,"1970-01-02 15:30:00.000","intercites"
2506,"1970-01-02 15:30:00.000","sncb"
2574,"1970-01-02 15:30:00.000","tgv"
2826,"1970-01-02 15:30:00.000","ter"
19690,"1970-01-02 15:30:00.000","uk"
70756,"1970-01-02 15:30:00.000","swiss"
291,"1970-01-02 15:35:00.000","intercites"
2553,"1970-01-02 15:35:00.000","sncb"
2604,"1970-01-02 15:35:00.000","tgv"
19558,"1970-01-02 15:35:00.000","uk"
2940,"1970-01-02 15:35:00.000","ter"
72452,"1970-01-02 15:35:00.000","swiss"
298,"1970-01-02 15:40:00.000","intercites"
2672,"1970-01-02 15:40:00.000","sncb"
72829,"1970-01-02 15:40:00.000","swiss"
2987,"1970-01-02 15:40:00.000","ter"
19358,"1970-01-02 15:40:00.000","uk"
2625,"1970-01-02 15:40:00.000","tgv"
2634,"1970-01-02 15:45:00.000","sncb"
2622,"1970-01-02 15:45:00.000","tgv"
72461,"1970-01-02 15:45:00.000","swiss"
3000,"1970-01-02 15:45:00.000","ter"
19374,"1970-01-02 15:45:00.000","uk"
301,"1970-01-02 15:45:00.000","intercites"
2977,"1970-01-02 15:50:00.000","ter"
19551,"1970-01-02 15:50:00.000","uk"
73362,"1970-01-02 15:50:00.000","swiss"
2614,"1970-01-02 15:50:00.000","tgv"
2564,"1970-01-02 15:50:00.000","sncb"
293,"1970-01-02 15:50:00.000","intercites"
2448,"1970-01-02 15:55:00.000","sncb"
72304,"1970-01-02 15:55:00.000","swiss"
2882,"1970-01-02 15:55:00.000","ter"
19492,"1970-01-02 15:55:00.000","uk"
2606,"1970-01-02 15:55:00.000","tgv"
295,"1970-01-02 15:55:00.000","intercites"
2422,"1970-01-02 16:00:00.000","sncb"
2577,"1970-01-02 16:00:00.000","tgv"
2887,"1970-01-02 16:00:00.000","ter"
19616,"1970-01-02 16:00:00.000","uk"
320,"1970-01-02 16:00:00.000","intercites"
71973,"1970-01-02 16:00:00.000","swiss"
2466,"1970-01-02 16:05:00.000","sncb"
3044,"1970-01-02 16:05:00.000","ter"
19630,"1970-01-02 16:05:00.000","uk"
73036,"1970-01-02 16:05:00.000","swiss"
325,"1970-01-02 16:05:00.000","intercites"
2633,"1970-01-02 16:05:00.000","tgv"
344,"1970-01-02 16:10:00.000","intercites"
2666,"1970-01-02 16:10:00.000","tgv"
72938,"1970-01-02 16:10:00.000","swiss"
3193,"1970-01-02 16:10:00.000","ter"
19490,"1970-01-02 16:10:00.000","uk"
2568,"1970-01-02 16:10:00.000","sncb"
2661,"1970-01-02 16:15:00.000","tgv"
72558,"1970-01-02 16:15:00.000","swiss"
3305,"1970-01-02 16:15:00.000","ter"
19630,"1970-01-02 16:15:00.000","uk"
2628,"1970-01-02 16:15:00.000","sncb"
347,"1970-01-02 16:15:00.000","intercites"
346,"1970-01-02 16:20:00.000","intercites"
2631,"1970-01-02 16:20:00.000","sncb"
2742,"1970-01-02 16:20:00.000","tgv"
19809,"1970-01-02 16:20:00.000","uk"
3407,"1970-01-02 16:20:00.000","ter"
73154,"1970-01-02 16:20:00.000","swiss"
2813,"1970-01-02 16:25:00.000","tgv"
345,"1970-01-02 16:25:00.000","intercites"
71812,"1970-01-02 16:25:00.000","swiss"
19717,"1970-01-02 16:25:00.000","uk"
3489,"1970-01-02 16:25:00.000","ter"
2537,"1970-01-02 16:25:00.000","sncb"
360,"1970-01-02 16:30:00.000","intercites"
2516,"1970-01-02 16:30:00.000","sncb"
2764,"1970-01-02 16:30:00.000","tgv"
70807,"1970-01-02 16:30:00.000","swiss"
3567,"1970-01-02 16:30:00.000","ter"
19961,"1970-01-02 16:30:00.000","uk"
3738,"1970-01-02 16:35:00.000","ter"
19933,"1970-01-02 16:35:00.000","uk"
71446,"1970-01-02 16:35:00.000","swiss"
2769,"1970-01-02 16:35:00.000","tgv"
363,"1970-01-02 16:35:00.000","intercites"
2570,"1970-01-02 16:35:00.000","sncb"
2729,"1970-01-02 16:40:00.000","sncb"
2777,"1970-01-02 16:40:00.000","tgv"
70956,"1970-01-02 16:40:00.000","swiss"
19762,"1970-01-02 16:40:00.000","uk"
357,"1970-01-02 16:40:00.000","intercites"
3955,"1970-01-02 16:40:00.000","ter"
360,"1970-01-02 16:45:00.000","intercites"
4001,"1970-01-02 16:45:00.000","ter"
19762,"1970-01-02 16:45:00.000","uk"
70011,"1970-01-02 16:45:00.000","swiss"
2847,"1970-01-02 16:45:00.000","tgv"
2695,"1970-01-02 16:45:00.000","sncb"
19861,"1970-01-02 16:50:00.000","uk"
4121,"1970-01-02 16:50:00.000","ter"
70536,"1970-01-02 16:50:00.000","swiss"
348,"1970-01-02 16:50:00.000","intercites"
2854,"1970-01-02 16:50:00.000","tgv"
2633,"1970-01-02 16:50:00.000","sncb"
2533,"1970-01-02 16:55:00.000","sncb"
19849,"1970-01-02 16:55:00.000","uk"
4078,"1970-01-02 16:55:00.000","ter"
68974,"1970-01-02 16:55:00.000","swiss"
352,"1970-01-02 16:55:00.000","intercites"
2955,"1970-01-02 16:55:00.000","tgv"
348,"1970-01-02 17:00:00.000","intercites"
2517,"1970-01-02 17:00:00.000","sncb"
19955,"1970-01-02 17:00:00.000","uk"
4134,"1970-01-02 17:00:00.000","ter"
68075,"1970-01-02 17:00:00.000","swiss"
3058,"1970-01-02 17:00:00.000","tgv"
352,"1970-01-02 17:05:00.000","intercites"
3025,"1970-01-02 17:05:00.000","tgv"
68924,"1970-01-02 17:05:00.000","swiss"
19992,"1970-01-02 17:05:00.000","uk"
4267,"1970-01-02 17:05:00.000","ter"
2547,"1970-01-02 17:05:00.000","sncb"
341,"1970-01-02 17:10:00.000","intercites"
2658,"1970-01-02 17:10:00.000","sncb"
3121,"1970-01-02 17:10:00.000","tgv"
68562,"1970-01-02 17:10:00.000","swiss"
4477,"1970-01-02 17:10:00.000","ter"
19934,"1970-01-02 17:10:00.000","uk"
333,"1970-01-02 17:15:00.000","intercites"
2690,"1970-01-02 17:15:00.000","sncb"
67606,"1970-01-02 17:15:00.000","swiss"
20081,"1970-01-02 17:15:00.000","uk"
4525,"1970-01-02 17:15:00.000","ter"
3161,"1970-01-02 17:15:00.000","tgv"
2688,"1970-01-02 17:20:00.000","sncb"
313,"1970-01-02 17:20:00.000","intercites"
68341,"1970-01-02 17:20:00.000","swiss"
20187,"1970-01-02 17:20:00.000","uk"
4616,"1970-01-02 17:20:00.000","ter"
3140,"1970-01-02 17:20:00.000","tgv"
3125,"1970-01-02 17:25:00.000","tgv"
67116,"1970-01-02 17:25:00.000","swiss"
4581,"1970-01-02 17:25:00.000","ter"
20103,"1970-01-02 17:25:00.000","uk"
2580,"1970-01-02 17:25:00.000","sncb"
315,"1970-01-02 17:25:00.000","intercites"
2548,"1970-01-02 17:30:00.000","sncb"
3166,"1970-01-02 17:30:00.000","tgv"
326,"1970-01-02 17:30:00.000","intercites"
65942,"1970-01-02 17:30:00.000","swiss"
20311,"1970-01-02 17:30:00.000","uk"
4665,"1970-01-02 17:30:00.000","ter"
2580,"1970-01-02 17:35:00.000","sncb"
20231,"1970-01-02 17:35:00.000","uk"
4880,"1970-01-02 17:35:00.000","ter"
67312,"1970-01-02 17:35:00.000","swiss"
3182,"1970-01-02 17:35:00.000","tgv"
309,"1970-01-02 17:35:00.000","intercites"
300,"1970-01-02 17:40:00.000","intercites"
2696,"1970-01-02 17:40:00.000","sncb"
3230,"1970-01-02 17:40:00.000","tgv"
20090,"1970-01-02 17:40:00.000","uk"
5047,"1970-01-02 17:40:00.000","ter"
67393,"1970-01-02 17:40:00.000","swiss"
3197,"1970-01-02 17:45:00.000","tgv"
20107,"1970-01-02 17:45:00.000","uk"
5021,"1970-01-02 17:45:00.000","ter"
66397,"1970-01-02 17:45:00.000","swiss"
302,"1970-01-02 17:45:00.000","intercites"
2649,"1970-01-02 17:45:00.000","sncb"
20316,"1970-01-02 17:50:00.000","uk"
5061,"1970-01-02 17:50:00.000","ter"
67110,"1970-01-02 17:50:00.000","swiss"
3225,"1970-01-02 17:50:00.000","tgv"
2599,"1970-01-02 17:50:00.000","sncb"
294,"1970-01-02 17:50:00.000","intercites"
2483,"1970-01-02 17:55:00.000","sncb"
65764,"1970-01-02 17:55:00.000","swiss"
20240,"1970-01-02 17:55:00.000","uk"
4978,"1970-01-02 17:55:00.000","ter"
3263,"1970-01-02 17:55:00.000","tgv"
301,"1970-01-02 17:55:00.000","intercites"
311,"1970-01-02 18:00:00.000","intercites"
3235,"1970-01-02 18:00:00.000","tgv"
20267,"1970-01-02 18:00:00.000","uk"
4957,"1970-01-02 18:00:00.000","ter"
64697,"1970-01-02 18:00:00.000","swiss"
2447,"1970-01-02 18:00:00.000","sncb"
315,"1970-01-02 18:05:00.000","intercites"
2484,"1970-01-02 18:05:00.000","sncb"
3259,"1970-01-02 18:05:00.000","tgv"
20300,"1970-01-02 18:05:00.000","uk"
5052,"1970-01-02 18:05:00.000","ter"
65860,"1970-01-02 18:05:00.000","swiss"
324,"1970-01-02 18:10:00.000","intercites"
2568,"1970-01-02 18:10:00.000","sncb"
3281,"1970-01-02 18:10:00.000","tgv"
5227,"1970-01-02 18:10:00.000","ter"
20163,"1970-01-02 18:10:00.000","uk"
65880,"1970-01-02 18:10:00.000","swiss"
335,"1970-01-02 18:15:00.000","intercites"
2611,"1970-01-02 18:15:00.000","sncb"
5179,"1970-01-02 18:15:00.000","ter"
20298,"1970-01-02 18:15:00.000","uk"
64875,"1970-01-02 18:15:00.000","swiss"
3298,"1970-01-02 18:15:00.000","tgv"
2606,"1970-01-02 18:20:00.000","sncb"
322,"1970-01-02 18:20:00.000","intercites"
65669,"1970-01-02 18:20:00.000","swiss"
5194,"1970-01-02 18:20:00.000","ter"
20369,"1970-01-02 18:20:00.000","uk"
3304,"1970-01-02 18:20:00.000","tgv"
323,"1970-01-02 18:25:00.000","intercites"
20254,"1970-01-02 18:25:00.000","uk"
5129,"1970-01-02 18:25:00.000","ter"
64474,"1970-01-02 18:25:00.000","swiss"
3340,"1970-01-02 18:25:00.000","tgv"
2518,"1970-01-02 18:25:00.000","sncb"
3398,"1970-01-02 18:30:00.000","tgv"
330,"1970-01-02 18:30:00.000","intercites"
5091,"1970-01-02 18:30:00.000","ter"
20484,"1970-01-02 18:30:00.000","uk"
63106,"1970-01-02 18:30:00.000","swiss"
2482,"1970-01-02 18:30:00.000","sncb"
3381,"1970-01-02 18:35:00.000","tgv"
5164,"1970-01-02 18:35:00.000","ter"
20441,"1970-01-02 18:35:00.000","uk"
64542,"1970-01-02 18:35:00.000","swiss"
2523,"1970-01-02 18:35:00.000","sncb"
304,"1970-01-02 18:35:00.000","intercites"
2637,"1970-01-02 18:40:00.000","sncb"
3363,"1970-01-02 18:40:00.000","tgv"
5248,"1970-01-02 18:40:00.000","ter"
20161,"1970-01-02 18:40:00.000","uk"
64745,"1970-01-02 18:40:00.000","swiss"
297,"1970-01-02 18:40:00.000","intercites"
3355,"1970-01-02 18:45:00.000","tgv"
63733,"1970-01-02 18:45:00.000","swiss"
318,"1970-01-02 18:45:00.000","intercites"
20103,"1970-01-02 18:45:00.000","uk"
5246,"1970-01-02 18:45:00.000","ter"
2590,"1970-01-02 18:45:00.000","sncb"
327,"1970-01-02 18:50:00.000","intercites"
3313,"1970-01-02 18:50:00.000","tgv"
64560,"1970-01-02 18:50:00.000","swiss"
20209,"1970-01-02 18:50:00.000","uk"
5194,"1970-01-02 18:50:00.000","ter"
2524,"1970-01-02 18:50:00.000","sncb"
339,"1970-01-02 18:55:00.000","intercites"
3393,"1970-01-02 18:55:00.000","tgv"
63339,"1970-01-02 18:55:00.000","swiss"
5029,"1970-01-02 18:55:00.000","ter"
20094,"1970-01-02 18:55:00.000","uk"
2431,"1970-01-02 18:55:00.000","sncb"
421,"1970-01-02 19:00:00.000","intercites"
3459,"1970-01-02 19:00:00.000","tgv"
20103,"1970-01-02 19:00:00.000","uk"
4878,"1970-01-02 19:00:00.000","ter"
62235,"1970-01-02 19:00:00.000","swiss"
2389,"1970-01-02 19:00:00.000","sncb"
421,"1970-01-02 19:05:00.000","intercites"
63272,"1970-01-02 19:05:00.000","swiss"
20165,"1970-01-02 19:05:00.000","uk"
4843,"1970-01-02 19:05:00.000","ter"
3427,"1970-01-02 19:05:00.000","tgv"
2424,"1970-01-02 19:05:00.000","sncb"
63222,"1970-01-02 19:10:00.000","swiss"
4906,"1970-01-02 19:10:00.000","ter"
19961,"1970-01-02 19:10:00.000","uk"
3367,"1970-01-02 19:10:00.000","tgv"
440,"1970-01-02 19:10:00.000","intercites"
2520,"1970-01-02 19:10:00.000","sncb"
3276,"1970-01-02 19:15:00.000","tgv"
442,"1970-01-02 19:15:00.000","intercites"
19965,"1970-01-02 19:15:00.000","uk"
4893,"1970-01-02 19:15:00.000","ter"
62260,"1970-01-02 19:15:00.000","swiss"
2558,"1970-01-02 19:15:00.000","sncb"
2546,"1970-01-02 19:20:00.000","sncb"
441,"1970-01-02 19:20:00.000","intercites"
62938,"1970-01-02 19:20:00.000","swiss"
20083,"1970-01-02 19:20:00.000","uk"
4853,"1970-01-02 19:20:00.000","ter"
3290,"1970-01-02 19:20:00.000","tgv"
460,"1970-01-02 19:25:00.000","intercites"
19852,"1970-01-02 19:25:00.000","uk"
4715,"1970-01-02 19:25:00.000","ter"
61622,"1970-01-02 19:25:00.000","swiss"
3284,"1970-01-02 19:25:00.000","tgv"
2432,"1970-01-02 19:25:00.000","sncb"
2399,"1970-01-02 19:30:00.000","sncb"
4607,"1970-01-02 19:30:00.000","ter"
481,"1970-01-02 19:30:00.000","intercites"
20012,"1970-01-02 19:30:00.000","uk"
60234,"1970-01-02 19:30:00.000","swiss"
3227,"1970-01-02 19:30:00.000","tgv"
61347,"1970-01-02 19:35:00.000","swiss"
19931,"1970-01-02 19:35:00.000","uk"
4519,"1970-01-02 19:35:00.000","ter"
3213,"1970-01-02 19:35:00.000","tgv"
2446,"1970-01-02 19:35:00.000","sncb"
473,"1970-01-02 19:35:00.000","intercites"
2560,"1970-01-02 19:40:00.000","sncb"
3205,"1970-01-02 19:40:00.000","tgv"
61465,"1970-01-02 19:40:00.000","swiss"
19649,"1970-01-02 19:40:00.000","uk"
4498,"1970-01-02 19:40:00.000","ter"
481,"1970-01-02 19:40:00.000","intercites"
484,"1970-01-02 19:45:00.000","intercites"
2515,"1970-01-02 19:45:00.000","sncb"
60531,"1970-01-02 19:45:00.000","swiss"
19520,"1970-01-02 19:45:00.000","uk"
4410,"1970-01-02 19:45:00.000","ter"
3184,"1970-01-02 19:45:00.000","tgv"
2474,"1970-01-02 19:50:00.000","sncb"
484,"1970-01-02 19:50:00.000","intercites"
61113,"1970-01-02 19:50:00.000","swiss"
19643,"1970-01-02 19:50:00.000","uk"
4338,"1970-01-02 19:50:00.000","ter"
3178,"1970-01-02 19:50:00.000","tgv"
476,"1970-01-02 19:55:00.000","intercites"
3169,"1970-01-02 19:55:00.000","tgv"
4105,"1970-01-02 19:55:00.000","ter"
19395,"1970-01-02 19:55:00.000","uk"
59815,"1970-01-02 19:55:00.000","swiss"
2357,"1970-01-02 19:55:00.000","sncb"
2320,"1970-01-02 20:00:00.000","sncb"
3939,"1970-01-02 20:00:00.000","ter"
19465,"1970-01-02 20:00:00.000","uk"
58496,"1970-01-02 20:00:00.000","swiss"
494,"1970-01-02 20:00:00.000","intercites"
3157,"1970-01-02 20:00:00.000","tgv"
494,"1970-01-02 20:05:00.000","intercites"
2345,"1970-01-02 20:05:00.000","sncb"
59149,"1970-01-02 20:05:00.000","swiss"
3866,"1970-01-02 20:05:00.000","ter"
19402,"1970-01-02 20:05:00.000","uk"
3108,"1970-01-02 20:05:00.000","tgv"
3853,"1970-01-02 20:10:00.000","ter"
19119,"1970-01-02 20:10:00.000","uk"
59075,"1970-01-02 20:10:00.000","swiss"
495,"1970-01-02 20:10:00.000","intercites"
3042,"1970-01-02 20:10:00.000","tgv"
2442,"1970-01-02 20:10:00.000","sncb"
2506,"1970-01-02 20:15:00.000","sncb"
491,"1970-01-02 20:15:00.000","intercites"
2981,"1970-01-02 20:15:00.000","tgv"
19121,"1970-01-02 20:15:00.000","uk"
3827,"1970-01-02 20:15:00.000","ter"
58187,"1970-01-02 20:15:00.000","swiss"
485,"1970-01-02 20:20:00.000","intercites"
2475,"1970-01-02 20:20:00.000","sncb"
2930,"1970-01-02 20:20:00.000","tgv"
3741,"1970-01-02 20:20:00.000","ter"
19293,"1970-01-02 20:20:00.000","uk"
58409,"1970-01-02 20:20:00.000","swiss"
486,"1970-01-02 20:25:00.000","intercites"
2388,"1970-01-02 20:25:00.000","sncb"
57095,"1970-01-02 20:25:00.000","swiss"
3585,"1970-01-02 20:25:00.000","ter"
19097,"1970-01-02 20:25:00.000","uk"
2945,"1970-01-02 20:25:00.000","tgv"
476,"1970-01-02 20:30:00.000","intercites"
2876,"1970-01-02 20:30:00.000","tgv"
3426,"1970-01-02 20:30:00.000","ter"
19232,"1970-01-02 20:30:00.000","uk"
55952,"1970-01-02 20:30:00.000","swiss"
2352,"1970-01-02 20:30:00.000","sncb"
2366,"1970-01-02 20:35:00.000","sncb"
2813,"1970-01-02 20:35:00.000","tgv"
3392,"1970-01-02 20:35:00.000","ter"
19148,"1970-01-02 20:35:00.000","uk"
56802,"1970-01-02 20:35:00.000","swiss"
467,"1970-01-02 20:35:00.000","intercites"
2484,"1970-01-02 20:40:00.000","sncb"
2765,"1970-01-02 20:40:00.000","tgv"
469,"1970-01-02 20:40:00.000","intercites"
3370,"1970-01-02 20:40:00.000","ter"
18857,"1970-01-02 20:40:00.000","uk"
56775,"1970-01-02 20:40:00.000","swiss"
2445,"1970-01-02 20:45:00.000","sncb"
2702,"1970-01-02 20:45:00.000","tgv"
3281,"1970-01-02 20:45:00.000","ter"
18975,"1970-01-02 20:45:00.000","uk"
56046,"1970-01-02 20:45:00.000","swiss"
459,"1970-01-02 20:45:00.000","intercites"
2673,"1970-01-02 20:50:00.000","tgv"
456,"1970-01-02 20:50:00.000","intercites"
56305,"1970-01-02 20:50:00.000","swiss"
3170,"1970-01-02 20:50:00.000","ter"
19024,"1970-01-02 20:50:00.000","uk"
2393,"1970-01-02 20:50:00.000","sncb"
2284,"1970-01-02 20:55:00.000","sncb"
2651,"1970-01-02 20:55:00.000","tgv"
55298,"1970-01-02 20:55:00.000","swiss"
18732,"1970-01-02 20:55:00.000","uk"
2994,"1970-01-02 20:55:00.000","ter"
470,"1970-01-02 20:55:00.000","intercites"
54242,"1970-01-02 21:00:00.000","swiss"
18796,"1970-01-02 21:00:00.000","uk"
2862,"1970-01-02 21:00:00.000","ter"
2656,"1970-01-02 21:00:00.000","tgv"
2243,"1970-01-02 21:00:00.000","sncb"
489,"1970-01-02 21:00:00.000","intercites"
54788,"1970-01-02 21:05:00.000","swiss"
2784,"1970-01-02 21:05:00.000","ter"
18801,"1970-01-02 21:05:00.000","uk"
2519,"1970-01-02 21:05:00.000","tgv"
2272,"1970-01-02 21:05:00.000","sncb"
482,"1970-01-02 21:05:00.000","intercites"
55022,"1970-01-02 21:10:00.000","swiss"
2725,"1970-01-02 21:10:00.000","ter"
18501,"1970-01-02 21:10:00.000","uk"
2469,"1970-01-02 21:10:00.000","tgv"
2333,"1970-01-02 21:10:00.000","sncb"
480,"1970-01-02 21:10:00.000","intercites"
54395,"1970-01-02 21:15:00.000","swiss"
18568,"1970-01-02 21:15:00.000","uk"
2582,"1970-01-02 21:15:00.000","ter"
2392,"1970-01-02 21:15:00.000","tgv"
2354,"1970-01-02 21:15:00.000","sncb"
478,"1970-01-02 21:15:00.000","intercites"
2344,"1970-01-02 21:20:00.000","tgv"
18628,"1970-01-02 21:20:00.000","uk"
2494,"1970-01-02 21:20:00.000","ter"
54579,"1970-01-02 21:20:00.000","swiss"
476,"1970-01-02 21:20:00.000","intercites"
2351,"1970-01-02 21:20:00.000","sncb"
2236,"1970-01-02 21:25:00.000","sncb"
489,"1970-01-02 21:25:00.000","intercites"
53885,"1970-01-02 21:25:00.000","swiss"
2338,"1970-01-02 21:25:00.000","ter"
18302,"1970-01-02 21:25:00.000","uk"
2280,"1970-01-02 21:25:00.000","tgv"
2204,"1970-01-02 21:30:00.000","tgv"
18389,"1970-01-02 21:30:00.000","uk"
2181,"1970-01-02 21:30:00.000","ter"
52555,"1970-01-02 21:30:00.000","swiss"
495,"1970-01-02 21:30:00.000","intercites"
2201,"1970-01-02 21:30:00.000","sncb"
461,"1970-01-02 21:35:00.000","intercites"
2186,"1970-01-02 21:35:00.000","sncb"
2178,"1970-01-02 21:35:00.000","tgv"
18243,"1970-01-02 21:35:00.000","uk"
2144,"1970-01-02 21:35:00.000","ter"
53466,"1970-01-02 21:35:00.000","swiss"
455,"1970-01-02 21:40:00.000","intercites"
53873,"1970-01-02 21:40:00.000","swiss"
17946,"1970-01-02 21:40:00.000","uk"
2055,"1970-01-02 21:40:00.000","ter"
2116,"1970-01-02 21:40:00.000","tgv"
2259,"1970-01-02 21:40:00.000","sncb"
465,"1970-01-02 21:45:00.000","intercites"
2219,"1970-01-02 21:45:00.000","sncb"
53232,"1970-01-02 21:45:00.000","swiss"
18038,"1970-01-02 21:45:00.000","uk"
1926,"1970-01-02 21:45:00.000","ter"
2053,"1970-01-02 21:45:00.000","tgv"
1994,"1970-01-02 21:50:00.000","tgv"
18117,"1970-01-02 21:50:00.000","uk"
1803,"1970-01-02 21:50:00.000","ter"
464,"1970-01-02 21:50:00.000","intercites"
53453,"1970-01-02 21:50:00.000","swiss"
2133,"1970-01-02 21:50:00.000","sncb"
17894,"1970-01-02 21:55:00.000","uk"
1692,"1970-01-02 21:55:00.000","ter"
52904,"1970-01-02 21:55:00.000","swiss"
1948,"1970-01-02 21:55:00.000","tgv"
455,"1970-01-02 21:55:00.000","intercites"
2006,"1970-01-02 21:55:00.000","sncb"
1858,"1970-01-02 22:00:00.000","tgv"
1590,"1970-01-02 22:00:00.000","ter"
17894,"1970-01-02 22:00:00.000","uk"
52031,"1970-01-02 22:00:00.000","swiss"
1968,"1970-01-02 22:00:00.000","sncb"
451,"1970-01-02 22:00:00.000","intercites"
450,"1970-01-02 22:05:00.000","intercites"
1719,"1970-01-02 22:05:00.000","tgv"
1499,"1970-01-02 22:05:00.000","ter"
17811,"1970-01-02 22:05:00.000","uk"
53173,"1970-01-02 22:05:00.000","swiss"
1982,"1970-01-02 22:05:00.000","sncb"
445,"1970-01-02 22:10:00.000","intercites"
2018,"1970-01-02 22:10:00.000","sncb"
1591,"1970-01-02 22:10:00.000","tgv"
17494,"1970-01-02 22:10:00.000","uk"
1442,"1970-01-02 22:10:00.000","ter"
53722,"1970-01-02 22:10:00.000","swiss"
1565,"1970-01-02 22:15:00.000","tgv"
17498,"1970-01-02 22:15:00.000","uk"
1375,"1970-01-02 22:15:00.000","ter"
53336,"1970-01-02 22:15:00.000","swiss"
463,"1970-01-02 22:15:00.000","intercites"
2005,"1970-01-02 22:15:00.000","sncb"
443,"1970-01-02 22:20:00.000","intercites"
1957,"1970-01-02 22:20:00.000","sncb"
1451,"1970-01-02 22:20:00.000","tgv"
1326,"1970-01-02 22:20:00.000","ter"
17628,"1970-01-02 22:20:00.000","uk"
53792,"1970-01-02 22:20:00.000","swiss"
1346,"1970-01-02 22:25:00.000","tgv"
1245,"1970-01-02 22:25:00.000","ter"
17296,"1970-01-02 22:25:00.000","uk"
53395,"1970-01-02 22:25:00.000","swiss"
436,"1970-01-02 22:25:00.000","intercites"
1881,"1970-01-02 22:25:00.000","sncb"
1842,"1970-01-02 22:30:00.000","sncb"
433,"1970-01-02 22:30:00.000","intercites"
52170,"1970-01-02 22:30:00.000","swiss"
1180,"1970-01-02 22:30:00.000","ter"
17317,"1970-01-02 22:30:00.000","uk"
1293,"1970-01-02 22:30:00.000","tgv"
409,"1970-01-02 22:35:00.000","intercites"
1820,"1970-01-02 22:35:00.000","sncb"
1257,"1970-01-02 22:35:00.000","tgv"
53133,"1970-01-02 22:35:00.000","swiss"
1121,"1970-01-02 22:35:00.000","ter"
17059,"1970-01-02 22:35:00.000","uk"
403,"1970-01-02 22:40:00.000","intercites"
1866,"1970-01-02 22:40:00.000","sncb"
1214,"1970-01-02 22:40:00.000","tgv"
1073,"1970-01-02 22:40:00.000","ter"
16816,"1970-01-02 22:40:00.000","uk"
54114,"1970-01-02 22:40:00.000","swiss"
1784,"1970-01-02 22:45:00.000","sncb"
1124,"1970-01-02 22:45:00.000","tgv"
53436,"1970-01-02 22:45:00.000","swiss"
996,"1970-01-02 22:45:00.000","ter"
16841,"1970-01-02 22:45:00.000","uk"
395,"1970-01-02 22:45:00.000","intercites"
372,"1970-01-02 22:50:00.000","intercites"
935,"1970-01-02 22:50:00.000","ter"
16747,"1970-01-02 22:50:00.000","uk"
53782,"1970-01-02 22:50:00.000","swiss"
1054,"1970-01-02 22:50:00.000","tgv"
1683,"1970-01-02 22:50:00.000","sncb"
1581,"1970-01-02 22:55:00.000","sncb"
893,"1970-01-02 22:55:00.000","ter"
369,"1970-01-02 22:55:00.000","intercites"
16496,"1970-01-02 22:55:00.000","uk"
53085,"1970-01-02 22:55:00.000","swiss"
992,"1970-01-02 22:55:00.000","tgv"
921,"1970-01-02 23:00:00.000","tgv"
51927,"1970-01-02 23:00:00.000","swiss"
16515,"1970-01-02 23:00:00.000","uk"
843,"1970-01-02 23:00:00.000","ter"
1526,"1970-01-02 23:00:00.000","sncb"
343,"1970-01-02 23:00:00.000","intercites"
324,"1970-01-02 23:05:00.000","intercites"
1525,"1970-01-02 23:05:00.000","sncb"
16241,"1970-01-02 23:05:00.000","uk"
799,"1970-01-02 23:05:00.000","ter"
52920,"1970-01-02 23:05:00.000","swiss"
825,"1970-01-02 23:05:00.000","tgv"
762,"1970-01-02 23:10:00.000","tgv"
53608,"1970-01-02 23:10:00.000","swiss"
15786,"1970-01-02 23:10:00.000","uk"
745,"1970-01-02 23:10:00.000","ter"
1518,"1970-01-02 23:10:00.000","sncb"
302,"1970-01-02 23:10:00.000","intercites"
278,"1970-01-02 23:15:00.000","intercites"
1433,"1970-01-02 23:15:00.000","sncb"
680,"1970-01-02 23:15:00.000","tgv"
53538,"1970-01-02 23:15:00.000","swiss"
703,"1970-01-02 23:15:00.000","ter"
15935,"1970-01-02 23:15:00.000","uk"
613,"1970-01-02 23:20:00.000","tgv"
15845,"1970-01-02 23:20:00.000","uk"
650,"1970-01-02 23:20:00.000","ter"
54029,"1970-01-02 23:20:00.000","swiss"
1353,"1970-01-02 23:20:00.000","sncb"
271,"1970-01-02 23:20:00.000","intercites"
15383,"1970-01-02 23:25:00.000","uk"
603,"1970-01-02 23:25:00.000","ter"
53711,"1970-01-02 23:25:00.000","swiss"
470,"1970-01-02 23:25:00.000","tgv"
1263,"1970-01-02 23:25:00.000","sncb"
266,"1970-01-02 23:25:00.000","intercites"
1185,"1970-01-02 23:30:00.000","sncb"
266,"1970-01-02 23:30:00.000","intercites"
15168,"1970-01-02 23:30:00.000","uk"
568,"1970-01-02 23:30:00.000","ter"
52424,"1970-01-02 23:30:00.000","swiss"
440,"1970-01-02 23:30:00.000","tgv"
14695,"1970-01-02 23:35:00.000","uk"
555,"1970-01-02 23:35:00.000","ter"
53493,"1970-01-02 23:35:00.000","swiss"
419,"1970-01-02 23:35:00.000","tgv"
262,"1970-01-02 23:35:00.000","intercites"
1153,"1970-01-02 23:35:00.000","sncb"
261,"1970-01-02 23:40:00.000","intercites"
1158,"1970-01-02 23:40:00.000","sncb"
399,"1970-01-02 23:40:00.000","tgv"
54520,"1970-01-02 23:40:00.000","swiss"
518,"1970-01-02 23:40:00.000","ter"
14038,"1970-01-02 23:40:00.000","uk"
261,"1970-01-02 23:45:00.000","intercites"
354,"1970-01-02 23:45:00.000","tgv"
54139,"1970-01-02 23:45:00.000","swiss"
465,"1970-01-02 23:45:00.000","ter"
13709,"1970-01-02 23:45:00.000","uk"
1030,"1970-01-02 23:45:00.000","sncb"
431,"1970-01-02 23:50:00.000","ter"
13136,"1970-01-02 23:50:00.000","uk"
261,"1970-01-02 23:50:00.000","intercites"
54381,"1970-01-02 23:50:00.000","swiss"
262,"1970-01-02 23:50:00.000","tgv"
949,"1970-01-02 23:50:00.000","sncb"
255,"1970-01-02 23:55:00.000","intercites"
880,"1970-01-02 23:55:00.000","sncb"
53537,"1970-01-02 23:55:00.000","swiss"
385,"1970-01-02 23:55:00.000","ter"
12465,"1970-01-02 23:55:00.000","uk"
200,"1970-01-02 23:55:00.000","tgv"
