label,name,pair,wall,cpu,external,bytes,rss
Paris-1027,baseline,1,10.535868167877197,73.47000000000003,0.6643970756337164,1817460448,10850934784
Paris-1027,simd,1,10.537106990814209,72.80000000000007,0.7335979417062587,1817478288,10850959360
Paris-1027,vector,1,10.821516036987305,73.38,0.7845481142366457,1817730376,10852028416
Paris-1027,radix,1,11.017675876617432,75.88999999999999,0.7533349222602307,1835670024,10853601280
Paris-1027,hint8,1,10.074221134185791,68.50999999999988,0.8179292364387918,1817170976,11068231680
Paris-1027,hint8,2,9.84493112564087,68.25,0.7993961460535557,1817008752,10936274944
Paris-1027,radix,2,10.881923913955688,75.62999999999988,0.8040857544297423,1835487032,10928279552
Paris-1027,vector,2,11.05496597290039,73.61999999999989,0.962463387592734,1817875344,11064168448
Paris-1027,simd,2,10.71283507347107,73.0,0.871851376031102,1817676728,10875809792
Paris-1027,baseline,2,10.911359071731567,72.72000000000003,0.9238079265592654,1817821112,10875777024
Paris-1027,baseline,3,10.564197063446045,73.0300000000002,0.8831717113914145,1817568440,10923778048
Paris-1027,simd,3,11.044055938720703,72.6400000000001,1.0584879382052477,1817875344,11088166912
Paris-1027,vector,3,11.070788860321045,73.75,1.0125746359573253,1817875344,10904645632
Paris-1027,radix,3,11.425930976867676,75.42999999999984,1.048492243148871,1835849272,10952228864
Paris-1027,hint8,3,10.353665113449097,67.92999999999984,1.0778791739655231,1817352160,11004440576
Paris-1027,hint8,4,9.942142963409424,67.69000000000005,0.931388739236601,1817081232,11004440576
Paris-1027,radix,4,11.282038927078247,75.81000000000017,0.9874101722218396,1835775800,10944716800
Paris-1027,vector,4,11.024330854415894,73.06999999999994,0.995071732231797,1817839248,11082223616
Paris-1027,simd,4,10.456931829452515,72.7199999999998,0.6149031192772781,1817442192,11095400448
Paris-1027,baseline,4,10.250275135040283,73.33999999999969,0.4565731103160201,1817279968,10958438400
Paris-1027,baseline,5,10.248913049697876,73.28999999999996,0.5210308619173472,1817297520,11095891968
Paris-1027,simd,5,10.40909194946289,72.48999999999978,0.5744977591737755,1817406096,10939211776
Paris-1027,vector,5,10.334768056869507,73.61000000000013,0.5699208697852486,1817387264,11017379840
Paris-1027,radix,5,10.629295825958252,75.57000000000016,0.6218662184429267,1835289000,11152904192
Paris-1027,hint8,5,9.79867696762085,68.12000000000035,0.6888685097288783,1816972656,11042750464
Paris-9919,baseline,1,31.8764431476593,216.78999999999996,0.9433298395529459,1881356064,11120009216
Paris-9919,hint8,1,29.880422115325928,203.36000000000013,0.9404150949255549,1878815544,10940719104
Paris-9919,hint8,2,31.10908603668213,203.3699999999999,1.2269727228563427,1880275120,11161792512
Paris-9919,baseline,2,33.9752299785614,218.87999999999965,1.3665838326715667,1883447280,11114201088
Paris-9919,baseline,3,39.336524963378906,224.21000000000004,2.1440633121130532,1887166608,11113545728
Paris-9919,hint8,3,30.372217178344727,202.94999999999982,1.1250413428613062,1879751816,11114082304
rural-1027,baseline,1,0.29311084747314453,1.1599999999998545,2.5246421494787765,619604200,8824946688
rural-1027,hint8,1,0.3954288959503174,1.2400000000006912,3.6921935016674827,619674432,8617340928
rural-1027,hint8,2,0.2755098342895508,1.1300000000001091,1.6696318706229838,619618600,8563068928
rural-1027,baseline,2,0.31683802604675293,1.25,0.9152941760759719,619744856,8782745600
rural-1027,baseline,3,0.2664511203765869,1.180000000000291,1.2009707429544267,619670968,8884281344
rural-1027,hint8,3,0.2551889419555664,1.1300000000001091,1.13641287815044,619630608,8563093504
rural-9919,baseline,1,2.884316921234131,15.8100000000004,1.3036015468060234,1836461688,10899361792
rural-9919,hint8,1,2.837347984313965,15.1899999999996,1.3886206492056496,1835929080,10947014656
rural-9919,hint8,2,3.112968921661377,15.210000000000036,1.8631731141422807,1836302632,11171332096
rural-9919,baseline,2,2.946650981903076,15.770000000000437,1.737565809946329,1836493656,11192217600
rural-9919,baseline,3,2.9192728996276855,15.699999999999818,1.418161351248862,1836179200,10905268224
rural-9919,hint8,3,2.8875908851623535,15.61999999999989,1.3332913674797264,1836421464,10947043328
Paris-127-B168,baseline,1,40.99373006820679,279.71999999999935,1.0086908395796403,1431712160,9644388352
Paris-127-B168,simd,1,37.0646710395813,268.8099999999995,0.5768296170002114,1429012688,9905643520
Paris-127-B168,vector,1,42.15327501296997,268.71999999999935,1.495020255973238,1432540080,9771880448
Paris-127-B168,radix,1,46.77428388595581,287.28999999999996,1.7334311348878753,1503135024,9633882112
Paris-127-B168,hint8,1,46.97807812690735,280.28999999999996,1.9102526875955825,1435764944,9977151488
Paris-127-B168,hint8,2,41.70793008804321,276.3800000000001,1.2268650084524158,1432251024,9896267776
Paris-127-B168,radix,2,41.958128929138184,283.40000000000055,1.1125376939194758,1500029616,9613651968
Paris-127-B168,vector,2,41.071460008621216,267.3100000000004,1.2166599383004764,1431826464,9853296640
Paris-127-B168,simd,2,40.101829051971436,270.1199999999999,1.0458375837582479,1431167856,9614249984
Paris-127-B168,baseline,2,51.38852000236511,286.8799999999992,2.327757249955737,1438900720,9641140224
Paris-127-B168,baseline,3,46.315277099609375,280.7000000000007,1.784724289184841,1435403984,10021462016
Paris-127-B168,simd,3,54.198041915893555,277.97999999999956,2.7622769145853225,1440639632,10215931904
Paris-127-B168,vector,3,38.58914399147034,265.8099999999995,0.8989574893827216,1430117920,10018975744
Paris-127-B168,radix,3,49.12493705749512,285.6800000000003,2.0600535300748923,1504904304,9805344768
Paris-127-B168,hint8,3,44.560370206832886,277.4400000000005,1.6622393318590873,1434284720,10223370240
final-Paris-1027,baseline,1,11.353891849517822,72.63999999999942,1.2101577311205487,1818092224,12040097792
final-Paris-1027,retained,1,10.294734001159668,67.72999999999956,1.1501025668722176,1817297728,11648831488
final-Paris-1027,retained,2,10.204639911651611,67.42000000000007,1.0426629545106463,1817261920,11648831488
final-Paris-1027,baseline,2,10.975564002990723,73.11999999999898,1.0395821113969104,1817857224,11608408064
final-Paris-1027,baseline,3,10.771538019180298,72.98000000000138,1.0277083904161932,1817658784,11431886848
final-Paris-1027,retained,3,9.942718029022217,67.52999999999884,1.0047554371793437,1817027504,11433467904
final-Paris-1027,retained,4,10.01920199394226,67.06999999999971,0.962152475399613,1817171592,11434516480
final-Paris-1027,baseline,4,10.174976825714111,73.05999999999949,0.4324334173303336,1817333048,11434516480
final-Paris-1027,baseline,5,10.289511919021606,73.06999999999971,0.5160594634410216,1817387976,11434516480
final-Paris-1027,retained,5,9.629065036773682,67.76999999999862,0.5659947231831618,1816847024,11434516480
final-Paris-9919,baseline,1,30.794697999954224,216.10000000000036,0.74330977365109,1879555888,11393871872
final-Paris-9919,retained,1,28.841339111328125,199.23999999999978,0.8685449695420426,1877590536,11456520192
final-Paris-9919,retained,2,28.92802405357361,200.35999999999876,0.8548803732395346,1878794800,11465420800
final-Paris-9919,baseline,2,31.45940399169922,216.33999999999833,0.9014792526738473,1880043096,11465420800
final-Paris-9919,baseline,3,30.784708976745605,216.25,0.7399777602967673,1881209040,11393949696
final-Paris-9919,retained,3,27.859241008758545,201.10000000000036,0.5057567790726941,1878036784,11394314240
final-rural-1027,baseline,1,0.2223501205444336,1.1000000000003638,0.9444564252335121,619594512,8693084160
final-rural-1027,retained,1,0.2867259979248047,1.2100000000009459,0.6277770460363343,619676888,9154842624
final-rural-1027,retained,2,0.22069311141967773,1.069999999999709,0.9968593880664058,619559424,9163751424
final-rural-1027,baseline,2,0.22999906539916992,1.0799999999999272,0.8260903133250667,619539568,9017966592
final-rural-1027,baseline,3,0.2872030735015869,1.2900000000008731,0.9052827911247625,619649568,9046327296
final-rural-1027,retained,3,0.2821030616760254,1.2300000000013824,0.779856832079587,619694440,9356210176
final-rural-9919,baseline,1,2.779254913330078,15.719999999999345,0.8491484493492979,1836451768,11480641536
final-rural-9919,retained,1,2.6782748699188232,15.349999999998545,0.8251580242279006,1836226432,11480653824
final-rural-9919,retained,2,2.874682903289795,15.55999999999949,0.9809777616770506,1836421656,11613360128
final-rural-9919,baseline,2,2.921891927719116,15.850000000000364,0.9959300590118809,1836440424,11837677568
final-rural-9919,baseline,3,2.8538570404052734,15.950000000000728,0.991640422043491,1836600664,11837677568
final-rural-9919,retained,3,2.7909650802612305,15.539999999999054,0.960241322600174,1836716704,11456368640
final-Paris-1027-S1,baseline,1,0.30304908752441406,1.6599999999998545,1.0229365893575622,288506336,8374976512
final-Paris-1027-S1,retained,1,0.29845094680786133,1.5999999999985448,0.7371395613064959,289362664,8389926912
final-Paris-1027-S1,retained,2,0.24573421478271484,1.5400000000008731,0.8952762243290261,288470144,8392036352
final-Paris-1027-S1,baseline,2,0.274446964263916,1.6599999999998545,0.6923013359238188,288506336,8321126400
final-Paris-1027-S1,baseline,3,0.2834930419921875,1.639999999999418,1.0935012648709912,287956488,8321101824
final-Paris-1027-S1,retained,3,0.27184295654296875,1.4899999999997817,0.8460767309373469,288506240,8232214528
final-Paris-1027-S2,baseline,1,0.7244210243225098,5.029999999998836,0.67640223509446,282830496,8370057216
final-Paris-1027-S2,retained,1,0.7418420314788818,4.739999999999782,0.7413977324846082,282830688,8566034432
final-Paris-1027-S2,retained,2,0.7219700813293457,4.75,0.914165305554987,282725512,8496984064
final-Paris-1027-S2,baseline,2,0.7975869178771973,5.069999999999709,0.6895800165129757,282752488,8517165056
final-Paris-1027-S2,baseline,3,0.7954549789428711,5.059999999999491,0.6914281946307488,282853504,8662773760
final-Paris-1027-S2,retained,3,0.6673901081085205,4.630000000001019,0.5693821280569408,282538928,8662773760
final-Paris-1027-S4,baseline,1,1.1777350902557373,8.359999999998763,0.6962516501254786,293778840,8338014208
final-Paris-1027-S4,retained,1,1.1164309978485107,7.769999999998618,0.7255262542533703,293673184,8290426880
final-Paris-1027-S4,retained,2,1.1087021827697754,7.819999999999709,0.6764666036163388,293706840,8290426880
final-Paris-1027-S4,baseline,2,1.1670160293579102,8.399999999999636,0.6769401448881723,293778840,8290426880
final-Paris-1027-S4,baseline,3,1.1811301708221436,8.3799999999992,0.7450491247618057,293709088,8290426880
final-Paris-1027-S4,retained,3,1.1174919605255127,7.780000000000655,0.7785290907956229,293688592,8290426880
final-Paris-127-B168,baseline,1,38.82229018211365,278.84000000000015,0.6176863829390468,1430348816,9921593344
final-Paris-127-B168,retained,1,37.80718994140625,275.5699999999997,0.5948603965239256,1429512784,9695232000
final-Paris-127-B168,retained,2,38.44325494766235,274.5799999999999,0.6604539608981265,1430059952,9895301120
final-Paris-127-B168,baseline,2,39.35331106185913,278.72999999999956,0.7557178595024041,1430673968,10190057472
final-Paris-127-B168,baseline,3,39.26661205291748,278.3200000000015,0.7922761443761235,1430598624,9906253824
final-Paris-127-B168,retained,3,39.30975103378296,273.7099999999991,0.8753553277513456,1430593376,9767497728
final-Paris-9919-S1,baseline,1,1.10276198387146,5.170000000001892,0.5712928167748137,313651040,8081915904
final-Paris-9919-S1,retained,1,1.0840511322021484,4.870000000002619,0.6180520273396499,317866096,8303382528
final-Paris-9919-S1,retained,2,0.978783130645752,4.709999999999127,0.5925725340384833,310802248,8303312896
final-Paris-9919-S1,baseline,2,1.0543859004974365,5.149999999997817,0.6354409706029752,317008488,8026779648
final-Paris-9919-S1,baseline,3,1.1341180801391602,5.149999999997817,0.5907674092630388,312387528,8252891136
final-Paris-9919-S1,retained,3,0.9960308074951172,4.729999999999563,0.6525902563547191,313065576,8342294528
