city,radius,samples,step_ms,hours,mode,origin_h3,fine,boarding,signed_error,relative_error
Paris,6,4,60000,3,mean_intersection,881fb466e5fffff,2.7342716e7,1.8011807e7,-9.330909e6,-0.3412575766065083
Paris,6,4,60000,3,mean_intersection,881fb46455fffff,2.7401615e7,1.8086294e7,-9.315321e6,-0.33995518147379267
Paris,6,4,60000,3,mean_intersection,881fb46429fffff,2.7112961e7,1.7799665e7,-9.313296e6,-0.343499774886262
Paris,6,4,60000,3,mean_intersection,881fb46451fffff,2.7401615e7,1.8104817e7,-9.296798e6,-0.3392791994194503
Paris,6,4,60000,3,mean_intersection,881fb4640dfffff,2.7174724e7,1.7911141e7,-9.263583e6,-0.34088968116106716
Paris,6,4,60000,3,mean_intersection,881fb4645bfffff,2.7342716e7,1.8104004e7,-9.238712e6,-0.33788567309845885
Paris,6,4,60000,3,mean_intersection,881fb46453fffff,2.7337384e7,1.8119615e7,-9.217769e6,-0.3371854819758906
Paris,6,4,60000,3,mean_intersection,881fb46401fffff,2.7114393e7,1.7905082e7,-9.209311e6,-0.3396465854869036
Paris,6,4,60000,3,mean_intersection,881fb4640bfffff,2.710643e7,1.7905773e7,-9.200657e6,-0.33942710272064597
Paris,6,4,60000,3,mean_intersection,881fb46463fffff,2.7115825e7,1.7930361e7,-9.185464e6,-0.33874919903783124
Paris,6,4,60000,3,reachable_union,881fb46453fffff,2.78927885e7,1.841716e7,-9.4756285e6,-0.3397160703383959
Paris,6,4,60000,3,reachable_union,881fb46455fffff,2.794159875e7,1.85412785e7,-9.40032025e6,-0.33642742972966067
Paris,6,4,60000,3,reachable_union,881fb4645bfffff,2.7925468e7,1.853486025e7,-9.39060775e6,-0.3362739614605564
Paris,6,4,60000,3,reachable_union,881fb46401fffff,2.77241085e7,1.840575725e7,-9.31835125e6,-0.33611004119393056
Paris,6,4,60000,3,reachable_union,881fb46429fffff,2.770844975e7,1.8394473e7,-9.31397675e6,-0.3361421095021745
Paris,6,4,60000,3,reachable_union,881fb4640dfffff,2.774051525e7,1.850663225e7,-9.233883e6,-0.3328663118468933
Paris,6,4,60000,3,reachable_union,881fb46463fffff,2.77248405e7,1.85190385e7,-9.205802e6,-0.3320416577328912
Paris,6,4,60000,3,reachable_union,881fb46457fffff,2.787824925e7,1.87083345e7,-9.16991475e6,-0.32892721016187915
Paris,6,4,60000,3,reachable_union,881fb4640bfffff,2.7673781e7,1.850918575e7,-9.16459525e6,-0.3311652733683193
Paris,6,4,60000,3,reachable_union,881fb46409fffff,2.7673781e7,1.851417375e7,-9.15960725e6,-0.33098503056015366
Paris,18,96,900000,3,mean_intersection,881fb476e1fffff,8.739216e6,1.0164056e7,1.42484e6,0.16303979670487603
Paris,18,96,900000,3,mean_intersection,881fb476ebfffff,8.584172e6,1.0003927e7,1.419755e6,0.16539218925249866
Paris,18,96,900000,3,mean_intersection,881fb4768dfffff,8.577004e6,9.981035e6,1.404031e6,0.16369713713553125
Paris,18,96,900000,3,mean_intersection,881fb476edfffff,8.841775e6,1.0190849e7,1.349074e6,0.15257954426571588
Paris,18,96,900000,3,mean_intersection,881fb476e9fffff,8.607765e6,9.954931e6,1.347166e6,0.156505899034186
Paris,18,96,900000,3,mean_intersection,881fb470b3fffff,9.175375e6,1.0284675e7,1.1093e6,0.12089969074833454
Paris,18,96,900000,3,mean_intersection,881fb476e3fffff,9.093091e6,1.017892e7,1.085829e6,0.11941252979872301
Paris,18,96,900000,3,mean_intersection,881fb4624bfffff,9.222042e6,1.0275144e7,1.053102e6,0.11419401473122764
Paris,18,96,900000,3,mean_intersection,881fb47681fffff,8.897113e6,9.933071e6,1.035958e6,0.11643754552740872
Paris,18,96,900000,3,mean_intersection,881fb47633fffff,9.185253e6,1.0205077e7,1.019824e6,0.11102840607656643
Paris,18,96,900000,3,reachable_union,881fb4659dfffff,2.2003046312499993e7,1.5367801406249981e7,-6.635244906250011e6,-0.30156028451753564
Paris,18,96,900000,3,reachable_union,881fb0930dfffff,2.1641368656250015e7,1.5069309343749959e7,-6.572059312500056e6,-0.30368039179453876
Paris,18,96,900000,3,reachable_union,881fb46443fffff,2.5112206812500007e7,1.874719979166668e7,-6.365007020833328e6,-0.25346267129597877
Paris,18,96,900000,3,reachable_union,881fb46455fffff,2.4427402885416664e7,1.82975744166667e7,-6.129828468749963e6,-0.2509406545388218
Paris,18,96,900000,3,reachable_union,881fb42b0dfffff,2.153572355208333e7,1.5515738604166659e7,-6.01998494791667e6,-0.27953483584415284
Paris,18,96,900000,3,reachable_union,881fb09b41fffff,1.9525955541666683e7,1.3519441208333297e7,-6.006514333333386e6,-0.30761692151331643
Paris,18,96,900000,3,reachable_union,881fb09301fffff,2.0932682375e7,1.4938990729166633e7,-5.9936916458333675e6,-0.28633175330609617
Paris,18,96,900000,3,reachable_union,881fb4759dfffff,2.4720983093750007e7,1.8736309208333403e7,-5.984673885416605e6,-0.2420888304773631
Paris,18,96,900000,3,reachable_union,881fb465ddfffff,2.1413973260416687e7,1.5441344687500011e7,-5.972628572916675e6,-0.2789126753957876
Paris,18,96,900000,3,reachable_union,881fb475b1fffff,2.531905653124998e7,1.9357748208333377e7,-5.961308322916605e6,-0.2354474905318401
Paris,18,96,60000,3,mean_intersection,881fb0930dfffff,1.8795229e7,1.2259884e7,-6.535345e6,-0.34771297545776114
Paris,18,96,60000,3,mean_intersection,881fb09301fffff,1.8367371e7,1.2258741e7,-6.10863e6,-0.3325805309861711
Paris,18,96,60000,3,mean_intersection,881fb4659dfffff,1.830698e7,1.2223152e7,-6.083828e6,-0.33232286264583233
Paris,18,96,60000,3,mean_intersection,881fb466a1fffff,1.9929991e7,1.3866241e7,-6.06375e6,-0.30425252073621106
Paris,18,96,60000,3,mean_intersection,881fb09309fffff,1.8312257e7,1.2260276e7,-6.051981e6,-0.33048798954711045
Paris,18,96,60000,3,mean_intersection,881fb466adfffff,2.0159113e7,1.4168291e7,-5.990822e6,-0.29717686487495754
Paris,18,96,60000,3,mean_intersection,881fb46453fffff,2.002478e7,1.4036225e7,-5.988555e6,-0.2990572181067657
Paris,18,96,60000,3,mean_intersection,881fb46433fffff,1.9483068e7,1.3529792e7,-5.953276e6,-0.30556152655218366
Paris,18,96,60000,3,mean_intersection,881fb465d1fffff,1.8851883e7,1.2899285e7,-5.952598e6,-0.31575615019465164
Paris,18,96,60000,3,mean_intersection,881fb464e7fffff,1.8193667e7,1.2242067e7,-5.9516e6,-0.3271248176632012
Paris,18,96,60000,3,reachable_union,881fb0930dfffff,2.6864872135416675e7,1.739945941666674e7,-9.465412718749937e6,-0.3523341808975681
Paris,18,96,60000,3,reachable_union,881fb46451fffff,2.9843120395833336e7,2.0641304041666616e7,-9.20181635416672e6,-0.3083396183815774
Paris,18,96,60000,3,reachable_union,881fb46455fffff,3.0344363468749996e7,2.1385193447916657e7,-8.95917002083334e6,-0.295249891468638
Paris,18,96,60000,3,reachable_union,881fb09309fffff,2.6250514531250026e7,1.7336231343750086e7,-8.91428318749994e6,-0.3395850842042695
Paris,18,96,60000,3,reachable_union,881fb42b31fffff,2.6334017614583317e7,1.752977570833332e7,-8.804241906249996e6,-0.3343296125606889
Paris,18,96,60000,3,reachable_union,881fb466a1fffff,2.854532155208326e7,1.9806429083333384e7,-8.738892468749877e6,-0.30614097139543717
Paris,18,96,60000,3,reachable_union,881fb09301fffff,2.6011096218750022e7,1.7301906125000082e7,-8.70919009374994e6,-0.3348259535279388
Paris,18,96,60000,3,reachable_union,881fb466e3fffff,2.761798035416661e7,1.8916592791666724e7,-8.701387562499885e6,-0.3150624140836983
Paris,18,96,60000,3,reachable_union,881fb46457fffff,2.9234269166666653e7,2.056533560416661e7,-8.668933562500045e6,-0.29653327446216754
Paris,18,96,60000,3,reachable_union,881fb466adfffff,2.908407602083328e7,2.0425762291666724e7,-8.658313729166556e6,-0.297699460108841
Paris,6,180,60000,6,mean_intersection,881fb46443fffff,1.38870144e8,9.1346651e7,-4.7523493e7,-0.342215336076846
Paris,6,180,60000,6,mean_intersection,881fb46455fffff,1.34598541e8,8.7608604e7,-4.6989937e7,-0.3491117856916443
Paris,6,180,60000,6,mean_intersection,881fb46451fffff,1.33663025e8,8.7111718e7,-4.6551307e7,-0.34827363064691974
Paris,6,180,60000,6,mean_intersection,881fb46457fffff,1.31993908e8,8.5881376e7,-4.6112532e7,-0.3493534868291043
Paris,6,180,60000,6,mean_intersection,881fb4646bfffff,1.32144746e8,8.7215698e7,-4.4929048e7,-0.33999874652602535
Paris,6,180,60000,6,mean_intersection,881fb46461fffff,1.30818639e8,8.614843e7,-4.4670209e7,-0.34146670032242116
Paris,6,180,60000,6,mean_intersection,881fb4640dfffff,1.30962113e8,8.6435983e7,-4.452613e7,-0.33999245262635613
Paris,6,180,60000,6,mean_intersection,881fb46467fffff,1.29230581e8,8.5560123e7,-4.3670458e7,-0.3379266553015033
Paris,6,180,60000,6,mean_intersection,881fb4645bfffff,1.31908312e8,8.8330316e7,-4.3577996e7,-0.330365807425388
Paris,6,180,60000,6,mean_intersection,881fb46409fffff,1.30105925e8,8.6644059e7,-4.3461866e7,-0.3340498597585006
Paris,6,180,60000,6,reachable_union,881fb46457fffff,1.685971216e8,1.2344952614444424e8,-4.514759545555575e7,-0.26778390417998543
Paris,6,180,60000,6,reachable_union,881fb46461fffff,1.6866926846111098e8,1.237401300111113e8,-4.4929138449999675e7,-0.26637418220829423
Paris,6,180,60000,6,reachable_union,881fb46409fffff,1.6864482576111102e8,1.2427140316111077e8,-4.437342260000025e7,-0.26311760470407874
Paris,6,180,60000,6,reachable_union,881fb4655bfffff,1.665514499166666e8,1.2225329053888895e8,-4.429815937777765e7,-0.26597282341247747
Paris,6,180,60000,6,reachable_union,881fb46453fffff,1.6704388537222224e8,1.2279177851666646e8,-4.425210685555579e7,-0.26491306016349686
Paris,6,180,60000,6,reachable_union,881fb4646bfffff,1.695352532444443e8,1.2532410485555561e8,-4.42111483888887e7,-0.26077849617001414
Paris,6,180,60000,6,reachable_union,881fb4640dfffff,1.6853160749444428e8,1.243776576555556e8,-4.4153949838888675e7,-0.2619921004452784
Paris,6,180,60000,6,reachable_union,881fb46467fffff,1.6736140508333328e8,1.2322224723888873e8,-4.413915784444456e7,-0.26373558361598726
Paris,6,180,60000,6,reachable_union,881fb46455fffff,1.7038857883333325e8,1.26356086211111e8,-4.403249262222226e7,-0.25842396787224187
Paris,6,180,60000,6,reachable_union,881fb4640bfffff,1.6743287609444427e8,1.2349962783888908e8,-4.39332482555552e7,-0.26239320066850946
Paris,6,180,60000,12,mean_intersection,881fb46447fffff,2.81375496e8,2.60766313e8,-2.0609183e7,-0.07324441286813405
Paris,6,180,60000,12,mean_intersection,881fb46443fffff,2.81207134e8,2.60671418e8,-2.0535716e7,-0.0730270093361145
Paris,6,180,60000,12,mean_intersection,881fb46625fffff,2.81800213e8,2.61524491e8,-2.0275722e7,-0.07195069792229007
Paris,6,180,60000,12,mean_intersection,881fb4675bfffff,2.81764828e8,2.6151154e8,-2.0253288e7,-0.07188011414966243
Paris,6,180,60000,12,mean_intersection,881fb4644bfffff,2.81466934e8,2.61363192e8,-2.0103742e7,-0.07142488005358384
Paris,6,180,60000,12,mean_intersection,881fb46441fffff,2.8189002e8,2.61818937e8,-2.0071083e7,-0.07120182190203116
Paris,6,180,60000,12,mean_intersection,881fb46449fffff,2.81659621e8,2.61683053e8,-1.9976568e7,-0.07092450074694945
Paris,6,180,60000,12,mean_intersection,881fb4644dfffff,2.81763447e8,2.61840047e8,-1.99234e7,-0.07070966873854294
Paris,6,180,60000,12,mean_intersection,881fb46445fffff,2.81386885e8,2.61842449e8,-1.9544436e7,-0.06945752286926947
Paris,6,180,60000,12,mean_intersection,881fb4662dfffff,2.81961995e8,2.62593566e8,-1.9368429e7,-0.06869162987728186
Paris,6,180,60000,12,reachable_union,881fb4655bfffff,2.953088045722222e8,2.760313257944449e8,-1.9277478777777255e7,-0.06527905189180588
Paris,6,180,60000,12,reachable_union,881fb4642dfffff,2.947978744388888e8,2.7577780171666723e8,-1.9020072722221553e7,-0.06451902938046587
Paris,6,180,60000,12,reachable_union,881fb46461fffff,2.963342263333334e8,2.7743468991666776e8,-1.8899536416665614e7,-0.06377777096664614
Paris,6,180,60000,12,reachable_union,881fb46457fffff,2.962954997333334e8,2.7747739734444475e8,-1.8818102388888657e7,-0.06351126630618754
Paris,6,180,60000,12,reachable_union,881fb46453fffff,2.953995487277777e8,2.766246888444448e8,-1.877485988333291e7,-0.06355751037600493
Paris,6,180,60000,12,reachable_union,881fb46467fffff,2.9577615126666653e8,2.770326728222226e8,-1.874347844444394e7,-0.0633704859711463
Paris,6,180,60000,12,reachable_union,881fb475b9fffff,2.962219217388888e8,2.7748584272222185e8,-1.873607901666695e7,-0.06325014336103818
Paris,6,180,60000,12,reachable_union,881fb46451fffff,2.964944532666666e8,2.777828220611113e8,-1.871163120555532e7,-0.06310954892881626
Paris,6,180,60000,12,reachable_union,881fb46429fffff,2.9520403308888894e8,2.7652132031111157e8,-1.8682712777777374e7,-0.06328745777044252
Paris,6,180,60000,12,reachable_union,881fb4640bfffff,2.9587954074444425e8,2.773360900333337e8,-1.8543450711110532e7,-0.06267229786978343
London,6,4,60000,3,mean_intersection,88194ada53fffff,4.2236637e7,3.0314128e7,-1.1922509e7,-0.2822788424182541
London,6,4,60000,3,mean_intersection,88194ada51fffff,4.296009e7,3.1241294e7,-1.1718796e7,-0.27278332051911436
London,6,4,60000,3,mean_intersection,88194ada5bfffff,4.2742816e7,3.1548848e7,-1.1193968e7,-0.2618912146546451
London,6,4,60000,3,mean_intersection,88194ad061fffff,4.2154816e7,3.1353417e7,-1.0801399e7,-0.25623167231948063
London,6,4,60000,3,mean_intersection,88194ad161fffff,4.4356232e7,3.4991304e7,-9.364928e6,-0.21112992645543022
London,6,4,60000,3,mean_intersection,88194ad025fffff,4.2001497e7,3.2860055e7,-9.141442e6,-0.21764562344051688
London,6,4,60000,3,mean_intersection,88195da4b5fffff,4.4379472e7,3.5263626e7,-9.115846e6,-0.20540681511488015
London,6,4,60000,3,mean_intersection,88194ad10bfffff,4.325376e7,3.4281796e7,-8.971964e6,-0.20742622144294506
London,6,4,60000,3,mean_intersection,88194ad105fffff,4.3252001e7,3.4289355e7,-8.962646e6,-0.2072192220655872
London,6,4,60000,3,mean_intersection,88195da4a3fffff,4.4270492e7,3.5403904e7,-8.866588e6,-0.20028212019870933
London,6,4,60000,3,reachable_union,88194ad061fffff,4.29025255e7,3.170548175e7,-1.119704375e7,-0.2609879865930037
London,6,4,60000,3,reachable_union,88194ada53fffff,4.347226875e7,3.231423475e7,-1.1158034e7,-0.2566701559600567
London,6,4,60000,3,reachable_union,88194ada51fffff,4.370613825e7,3.397745825e7,-9.72868e6,-0.22259299012765102
London,6,4,60000,3,reachable_union,88194ada59fffff,4.462917275e7,3.5472056e7,-9.15711675e6,-0.20518230981550067
London,6,4,60000,3,reachable_union,88194ad105fffff,4.44314965e7,3.528022325e7,-9.15127325e6,-0.20596365125806645
London,6,4,60000,3,reachable_union,88194ad10bfffff,4.4432598e7,3.533261925e7,-9.09997875e6,-0.2048041113868696
London,6,4,60000,3,reachable_union,88195da4b5fffff,4.552064e7,3.6495841e7,-9.024799e6,-0.19825729603098727
London,6,4,60000,3,reachable_union,88194ad025fffff,4.27507005e7,3.37264245e7,-9.024276e6,-0.2110907165135224
London,6,4,60000,3,reachable_union,88194ad165fffff,4.436677475e7,3.5532821e7,-8.83395375e6,-0.19911192102148467
London,6,4,60000,3,reachable_union,88194ada49fffff,4.462181475e7,3.58646665e7,-8.75714825e6,-0.19625262439600802
London,18,96,900000,3,mean_intersection,88194ad83bfffff,9.921986e6,1.1545805e7,1.623819e6,0.16365866672256946
London,18,96,900000,3,mean_intersection,88194ad09dfffff,9.601189e6,1.1176346e7,1.575157e6,0.1640585348335503
London,18,96,900000,3,mean_intersection,88194ad0d7fffff,9.775779e6,1.1307995e7,1.532216e6,0.15673594912487282
London,18,96,900000,3,mean_intersection,88194ad2b1fffff,9.877947e6,1.1385987e7,1.50804e6,0.1526673508169258
London,18,96,900000,3,mean_intersection,88194ad2b3fffff,9.57604e6,1.106659e7,1.49055e6,0.15565411172050242
London,18,96,900000,3,mean_intersection,88194ad083fffff,9.812994e6,1.1251944e7,1.43895e6,0.14663720369135047
London,18,96,900000,3,mean_intersection,88194ad0b9fffff,9.717008e6,1.1122509e7,1.405501e6,0.1446433922870085
London,18,96,900000,3,mean_intersection,88194ad833fffff,9.928886e6,1.1316458e7,1.387572e6,0.1397510254423306
London,18,96,900000,3,mean_intersection,88194ad0d9fffff,9.811144e6,1.1169747e7,1.358603e6,0.13847549276618507
London,18,96,900000,3,mean_intersection,88194ad095fffff,9.784468e6,1.1122845e7,1.338377e6,0.13678587328406613
London,18,96,900000,3,reachable_union,88194e6917fffff,3.79709108645834e7,2.5511604364583366e7,-1.2459306500000037e7,-0.3281276697426082
London,18,96,900000,3,reachable_union,88194e693dfffff,3.840070784375004e7,2.6071496770833466e7,-1.2329211072916571e7,-0.3210672866521972
London,18,96,900000,3,reachable_union,88194ada55fffff,3.846886945833336e7,2.6861657375000093e7,-1.1607212083333265e7,-0.3017300026429251
London,18,96,900000,3,reachable_union,88194e693bfffff,3.675400506250008e7,2.5185558927083425e7,-1.1568446135416657e7,-0.3147533477166515
London,18,96,900000,3,reachable_union,88194e6931fffff,3.880904452083342e7,2.7310035708333466e7,-1.1499008812499952e7,-0.296297137805778
London,18,96,900000,3,reachable_union,88194ada41fffff,3.892436217708339e7,2.751217348958337e7,-1.1412188687500019e7,-0.293188842390818
London,18,96,900000,3,reachable_union,88195da5ddfffff,3.746215320833337e7,2.618377208333325e7,-1.1278381125000123e7,-0.30106067481703835
London,18,96,900000,3,reachable_union,88195da403fffff,3.832721351041674e7,2.713304296875006e7,-1.119417054166668e7,-0.29206846823404675
London,18,96,900000,3,reachable_union,88195da615fffff,3.659139092708338e7,2.555549180208328e7,-1.10358991250001e7,-0.30159824060778734
London,18,96,900000,3,reachable_union,88195da5c3fffff,3.628381947916666e7,2.5268324718749948e7,-1.1015494760416709e7,-0.3035924805750275
London,18,96,60000,3,mean_intersection,88194e6917fffff,3.7279e7,2.3765813e7,-1.3513187e7,-0.3624879154483758
London,18,96,60000,3,mean_intersection,88195da615fffff,3.6125934e7,2.2810692e7,-1.3315242e7,-0.3685784843652762
London,18,96,60000,3,mean_intersection,88194e6839fffff,3.4861952e7,2.2239491e7,-1.2622461e7,-0.3620698290216222
London,18,96,60000,3,mean_intersection,88194e6907fffff,3.5561031e7,2.3141244e7,-1.2419787e7,-0.3492527255466806
London,18,96,60000,3,mean_intersection,88194e6915fffff,3.5437477e7,2.3160226e7,-1.2277251e7,-0.34644822485528526
London,18,96,60000,3,mean_intersection,88194e692bfffff,3.6156723e7,2.3915571e7,-1.2241152e7,-0.33855811545753195
London,18,96,60000,3,mean_intersection,88195da5c3fffff,3.6432762e7,2.4229908e7,-1.2202854e7,-0.3349417757566665
London,18,96,60000,3,mean_intersection,88194e693dfffff,3.7215882e7,2.5162761e7,-1.2053121e7,-0.3238703572845593
London,18,96,60000,3,mean_intersection,88195da5ddfffff,3.7478947e7,2.5442316e7,-1.2036631e7,-0.3211571285607357
London,18,96,60000,3,mean_intersection,88194e6939fffff,3.5431076e7,2.3446743e7,-1.1984333e7,-0.33824355207276235
London,18,96,60000,3,reachable_union,88194e692bfffff,4.7073625625000134e7,3.0798430531249944e7,-1.627519509375019e7,-0.34573914538477074
London,18,96,60000,3,reachable_union,88194e693dfffff,4.8328245760416836e7,3.209192396875012e7,-1.6236321791666716e7,-0.3359592622533187
London,18,96,60000,3,reachable_union,88194ada47fffff,4.888295636458335e7,3.2658841999999933e7,-1.6224114364583418e7,-0.3318971594839567
London,18,96,60000,3,reachable_union,88194ada55fffff,4.832519590625e7,3.238344728124997e7,-1.594174862500003e7,-0.32988482148994763
London,18,96,60000,3,reachable_union,88194e6907fffff,4.594236687500011e7,3.0248827322916575e7,-1.5693539552083537e7,-0.3415918817326605
London,18,96,60000,3,reachable_union,88194e6915fffff,4.5573205885416746e7,3.0223796083333317e7,-1.5349409802083429e7,-0.3368077690359541
London,18,96,60000,3,reachable_union,88194e6917fffff,4.7924638822916836e7,3.258139327083339e7,-1.5343245552083444e7,-0.3201535980015886
London,18,96,60000,3,reachable_union,88195da691fffff,5.1675834968750276e7,3.640355458333348e7,-1.5272280385416798e7,-0.29554007970364377
London,18,96,60000,3,reachable_union,88195da5ddfffff,4.747309608333353e7,3.223352056250005e7,-1.5239575520833481e7,-0.3210149911874753
London,18,96,60000,3,reachable_union,88194e6963fffff,4.576363846875011e7,3.054699509374998e7,-1.521664337500013e7,-0.33250510414268913
London,6,180,60000,6,mean_intersection,88195da4a3fffff,1.02180422e8,5.8990442e7,-4.318998e7,-0.42268351563472695
London,6,180,60000,6,mean_intersection,88194ad161fffff,1.01837366e8,5.8880237e7,-4.2957129e7,-0.421820896271021
London,6,180,60000,6,mean_intersection,88194ada49fffff,1.0141655e8,5.8907742e7,-4.2508808e7,-0.4191506021453106
London,6,180,60000,6,mean_intersection,88194ada59fffff,1.0115487e8,5.8791467e7,-4.2363403e7,-0.41879746373061427
London,6,180,60000,6,mean_intersection,88194ad163fffff,1.00739611e8,5.8696702e7,-4.2042909e7,-0.4173423798509605
London,6,180,60000,6,mean_intersection,88194ad165fffff,1.00522535e8,5.8487336e7,-4.2035199e7,-0.4181669214768609
London,6,180,60000,6,mean_intersection,88194ada5dfffff,1.00355722e8,5.8815556e7,-4.1540166e7,-0.41392922269046106
London,6,180,60000,6,mean_intersection,88194ada4bfffff,1.00373372e8,5.8877912e7,-4.149546e7,-0.41341103893570497
London,6,180,60000,6,mean_intersection,88195da4b3fffff,1.00230995e8,5.9083887e7,-4.1147108e7,-0.4105227928745993
London,6,180,60000,6,mean_intersection,88194ada51fffff,9.8927397e7,5.8257009e7,-4.0670388e7,-0.411113495688156
London,6,180,60000,6,reachable_union,88194ada49fffff,1.2126608124999993e8,6.31373369888892e7,-5.812874426111072e7,-0.47934874832207675
London,6,180,60000,6,reachable_union,88194ada4bfffff,1.2042222658333325e8,6.2841908855555795e7,-5.758031772777746e7,-0.47815357149148346
London,6,180,60000,6,reachable_union,88194ad165fffff,1.2009936566666642e8,6.293244773888922e7,-5.71669179277772e7,-0.4759968348745732
London,6,180,60000,6,reachable_union,88194ada5dfffff,1.195770827055554e8,6.28173168944447e7,-5.67597658111107e7,-0.4746709363271137
London,6,180,60000,6,reachable_union,88195da4b7fffff,1.1921719428888884e8,6.3079965911111355e7,-5.613722837777749e7,-0.47088197900166096
London,6,180,60000,6,reachable_union,88194ada53fffff,1.1721251294444439e8,6.139381921111123e7,-5.5818693733333156e7,-0.47621787410862637
London,6,180,60000,6,reachable_union,88194ada51fffff,1.1811556654444434e8,6.244927443333364e7,-5.5666292111110695e7,-0.4712866706706662
London,6,180,60000,6,reachable_union,88194ada59fffff,1.2058933321111101e8,7.544029173333365e7,-4.514904147777736e7,-0.37440327660438016
London,6,180,60000,6,reachable_union,88195da4a3fffff,1.2134369455555548e8,8.21860389277779e7,-3.915765562777758e7,-0.32270037410019525
London,6,180,60000,6,reachable_union,88194ad161fffff,1.2146074345555538e8,9.223530639444423e7,-2.9225437061111152e7,-0.24061631955846913
London,6,180,60000,12,mean_intersection,88194ada51fffff,2.44758051e8,1.12752684e8,-1.32005367e8,-0.5393300300466929
London,6,180,60000,12,mean_intersection,88194ada53fffff,2.44460487e8,1.13194656e8,-1.31265831e8,-0.5369613413230253
London,6,180,60000,12,mean_intersection,88194ada4bfffff,2.46569709e8,1.15610301e8,-1.30959408e8,-0.5311252891976281
London,6,180,60000,12,mean_intersection,88194ada49fffff,2.46941043e8,1.16179816e8,-1.30761227e8,-0.5295240734850221
London,6,180,60000,12,mean_intersection,88194ada5dfffff,2.4586843e8,1.1517842e8,-1.3069001e8,-0.5315444931258559
London,6,180,60000,12,mean_intersection,88194ada59fffff,2.46391852e8,1.1612195e8,-1.30269902e8,-0.5287102675781665
London,6,180,60000,12,mean_intersection,88194ad165fffff,2.46158292e8,1.16188668e8,-1.29969624e8,-0.5279920613033828
London,6,180,60000,12,mean_intersection,88195da4b7fffff,2.45613916e8,1.16191317e8,-1.29422599e8,-0.526935122845401
London,6,180,60000,12,mean_intersection,88194ad161fffff,2.46949342e8,1.3526895e8,-1.11680392e8,-0.45224008736172294
London,6,180,60000,12,mean_intersection,88195da4a3fffff,2.46863467e8,1.3848917e8,-1.08374297e8,-0.4390050027126938
London,6,180,60000,12,reachable_union,88194ada53fffff,2.6306696082777762e8,1.5176239991666603e8,-1.113045609111116e8,-0.42310353440384896
London,6,180,60000,12,reachable_union,88194ada51fffff,2.6340458908333328e8,1.5326451979444408e8,-1.101400692888892e8,-0.4181402824916015
London,6,180,60000,12,reachable_union,88194ada4bfffff,2.6476254163888872e8,1.5585804927222198e8,-1.0890449236666673e8,-0.4113289277725784
London,6,180,60000,12,reachable_union,88194ada5dfffff,2.6419057445555547e8,1.553730481444438e8,-1.0881752631111166e8,-0.411890267226085
London,6,180,60000,12,reachable_union,88194ada49fffff,2.651096793888886e8,1.5686108714444414e8,-1.0824859224444446e8,-0.40831625798790594
London,6,180,60000,12,reachable_union,88194ad165fffff,2.645043150944446e8,1.5663800079444402e8,-1.0786631430000058e8,-0.4078054993601354
London,6,180,60000,12,reachable_union,88195da4b7fffff,2.6409146873333323e8,1.568413148888884e8,-1.0725015384444484e8,-0.4061098768500578
London,6,180,60000,12,reachable_union,88194ada59fffff,2.64700194272222e8,1.859284427333318e8,-7.877175153889021e7,-0.2975885671541293
London,6,180,60000,12,reachable_union,88195da4a3fffff,2.6500448203333297e8,2.102269186611097e8,-5.477756337222329e7,-0.20670429025171438
London,6,180,60000,12,reachable_union,88195da4b3fffff,2.6435200478333306e8,2.2419511901111025e8,-4.015688577222282e7,-0.15190687055744484
