city,radius,samples,step_ms,hours,mode,variant,pair,wall_s,cpu_s,bytes,gc_s,compile_s,rss,external_cores,shared,separate
Paris,6,4,60000,3,mean_intersection,fine,0,1.325292079,2.58758899999998,1360013488,0.001265659,1.779429732,22220967936,0.08481979319961608,313501,4856679
Paris,6,4,60000,3,mean_intersection,boarding,0,0.651774002,1.2388009999999667,555386968,0.0,1.041305428,22440226816,0.06321056038617143,41102,319348
Paris,6,4,60000,3,mean_intersection,boarding,1,0.128331852,0.23555799999985538,506949520,0.0,0.0,21581012992,0.034613386478918665,41102,319348
Paris,6,4,60000,3,mean_intersection,fine,1,0.555075934,0.9753200000000106,1259829616,0.0,0.0,22564376576,0.6209600866341685,313501,4856679
Paris,6,4,60000,3,mean_intersection,fine,2,0.594801156,1.0519979999999123,1259829616,0.0,0.0,23728435200,1.4929392639926604,313501,4856679
Paris,6,4,60000,3,mean_intersection,boarding,2,0.19909745,0.3282639999999901,506966704,0.0,0.0,24125247488,1.1639325368350484,41102,319348
Paris,6,4,60000,3,mean_intersection,boarding,3,0.118915897,0.21650300000010247,506949520,0.0,0.0,22961369088,0.5339656146043888,41102,319348
Paris,6,4,60000,3,mean_intersection,fine,3,0.521782003,0.9209390000000894,1259829616,0.0,0.0,23944962048,0.055695673262506976,313501,4856679
Paris,6,4,60000,3,reachable_union,fine,0,0.513137755,0.9060409999999592,1258951200,0.0,0.0,25109127168,0.06617911002117044,313501,4856679
Paris,6,4,60000,3,reachable_union,boarding,0,0.175776126,0.28800599999999577,505160560,0.0,0.0,24341323776,0.1820156165506884,41102,319348
Paris,6,4,60000,3,reachable_union,boarding,1,0.17249879,0.28221099999996113,505160560,0.0,0.0,24554979328,0.27703962420912837,41102,319348
Paris,6,4,60000,3,reachable_union,fine,1,0.572043964,0.9877360000000408,1258951200,0.0,0.0,25324621824,0.8954976054951594,313501,4856679
Paris,6,4,60000,3,reachable_union,fine,2,0.496148985,0.945250999999871,1258948448,0.0,0.0,26255187968,1.3398173131124296,313501,4856679
Paris,6,4,60000,3,reachable_union,boarding,2,0.204260911,0.326720000000023,505160560,0.0,0.0,26437177344,1.4358106921168114,41102,319348
Paris,6,4,60000,3,reachable_union,boarding,3,0.17263356,0.2508940000000166,505155680,0.0,0.0,24501497856,1.5588278433151113,41102,319348
Paris,6,4,60000,3,reachable_union,fine,3,0.620535729,1.076108000000204,1258951200,0.0,0.0,24383868928,1.5694374304857508,313501,4856679
Paris,18,96,900000,3,mean_intersection,fine,0,34.410498496,245.22856100000013,5087759016,0.002067934,0.0,29159378944,0.6236886978709466,93340325,1279804009
Paris,18,96,900000,3,mean_intersection,boarding,0,5.219518015,36.17599599999994,2437130616,0.0,0.0,25096982528,0.6464206063376572,8401864,68746105
Paris,18,96,900000,3,mean_intersection,boarding,1,5.187575479,36.21594100000016,2437597936,0.0,0.0,21135179776,0.5501720430868394,8401864,68746105
Paris,18,96,900000,3,mean_intersection,fine,1,33.933007814,245.1619380000002,5087756264,0.002335445,0.0,24284667904,0.5080027710598245,93340325,1279804009
Paris,18,96,900000,3,mean_intersection,fine,2,33.952613719,246.25689199999988,5087759016,0.002069003,0.0,28112068608,0.4639733521073207,93340325,1279804009
Paris,18,96,900000,3,mean_intersection,boarding,2,5.224527366,36.303893000000016,2437246272,0.0,0.0,25070141440,0.5122199220379722,8401864,68746105
Paris,18,96,900000,3,mean_intersection,boarding,3,5.195262019,36.31377500000008,2437485160,0.0,0.0,21143027712,0.515128012832303,8401864,68746105
Paris,18,96,900000,3,mean_intersection,fine,3,33.955184549,245.34268100000008,5087756952,0.002055009,0.0,24230117376,0.5312095704847459,93340325,1279804009
Paris,18,96,900000,3,reachable_union,fine,0,34.427564847,244.80798300000015,5084104248,0.002003827,0.0,28117258240,0.5307380025616351,93340325,1279804009
Paris,18,96,900000,3,reachable_union,boarding,0,5.09945522,35.71473300000025,2433034992,0.0,0.0,25037008896,0.5403061466577226,8401864,68746105
Paris,18,96,900000,3,reachable_union,boarding,1,5.157454556,35.6884799999998,2433042640,0.0,0.0,21111840768,0.5354424299756514,8401864,68746105
Paris,18,96,900000,3,reachable_union,fine,1,34.200598688,244.30910099999983,5084099096,0.002269094,0.0,24252653568,0.5462155551839929,93340325,1279804009
Paris,18,96,900000,3,reachable_union,fine,2,34.232508698,246.2627779999998,5084104248,0.00205123,0.0,28120211456,0.564878904160088,93340325,1279804009
Paris,18,96,900000,3,reachable_union,boarding,2,5.435986556,35.70853000000034,2433471400,0.0,0.0,25056014336,0.6312506413810257,8401864,68746105
Paris,18,96,900000,3,reachable_union,boarding,3,5.11493704,35.58365099999992,2433038816,0.0,0.0,21108019200,0.5701632253131471,8401864,68746105
Paris,18,96,900000,3,reachable_union,fine,3,34.441339881,245.551379,5084103560,0.002099188,0.0,24229933056,0.5780443231554417,93340325,1279804009
Paris,18,96,60000,3,mean_intersection,fine,0,20.990563039,145.12905200000023,5076888552,0.001952405,0.0,28118192128,0.6341396357597672,71800130,194066727
Paris,18,96,60000,3,mean_intersection,boarding,0,3.163633952,21.29947399999992,2431835888,0.0,0.0,25021939712,0.6039023568940471,4406396,12459571
Paris,18,96,60000,3,mean_intersection,boarding,1,3.192238998,21.10748700000022,2431961448,0.0,0.0,21108678656,0.6116437401081021,4406396,12459571
Paris,18,96,60000,3,mean_intersection,fine,1,20.816875649,144.6541970000003,5076778624,0.00189515,0.0,24230592512,0.624291715002432,71800130,194066727
Paris,18,96,60000,3,mean_intersection,fine,2,20.788976205,145.01139000000012,5076888552,0.002017046,0.0,28118851584,0.6252645571301809,71800130,194066727
Paris,18,96,60000,3,mean_intersection,boarding,2,3.203004552,21.253975999999966,2431961448,0.0,0.0,25016233984,0.6200503207997692,4406396,12459571
Paris,18,96,60000,3,mean_intersection,boarding,3,3.294619929,21.192497999999887,2431961448,0.0,0.0,21108715520,0.6275388495682915,4406396,12459571
Paris,18,96,60000,3,mean_intersection,fine,3,20.670578287,145.39816999999994,5076884088,0.001916549,0.0,24230658048,0.6009425487567277,71800130,194066727
Paris,18,96,60000,3,reachable_union,fine,0,20.579845175,143.4410780000003,5074073808,0.002439604,0.0,28118917120,0.6141407718320118,71800130,194066727
Paris,18,96,60000,3,reachable_union,boarding,0,3.425002007,20.592814999999973,2427749352,0.0,0.0,25016295424,1.067790615166208,4406396,12459571
Paris,18,96,60000,3,reachable_union,boarding,1,3.047275011,20.485932000000503,2427749352,0.0,0.0,21109456896,0.5821817832669552,4406396,12459571
Paris,18,96,60000,3,reachable_union,fine,1,20.602409619,143.43600999999944,5072676456,0.001952234,0.0,24231370752,0.5030474683159984,71800130,194066727
Paris,18,96,60000,3,reachable_union,fine,2,20.681416278,144.3056260000003,5072671992,0.002378234,0.0,28119629824,0.6283116119986966,71800130,194066727
Paris,18,96,60000,3,reachable_union,boarding,2,3.04476918,20.47678900000028,2427731800,0.0,0.0,25017008128,0.6283599468166218,4406396,12459571
Paris,18,96,60000,3,reachable_union,boarding,3,3.050203829,20.496401000000333,2427731800,0.0,0.0,21109456896,0.6273675817460471,4406396,12459571
Paris,18,96,60000,3,reachable_union,fine,3,20.484513011,144.27229100000022,5072676456,0.002250675,0.0,24231370752,0.6267031582880234,71800130,194066727
Paris,6,180,60000,6,mean_intersection,fine,0,68.505425325,129.66359199999988,1339953104,0.0,0.0,24389799936,1.010524460969239,46589742,213695927
Paris,6,180,60000,6,mean_intersection,boarding,0,12.707925742,23.411724999999933,528537232,0.0,0.0,24723329024,0.6490654074859689,5169422,15065937
Paris,6,180,60000,6,mean_intersection,boarding,1,12.853535036,23.51118899999983,528538176,0.0,0.0,24997871616,0.6682061375272611,5169422,15065937
Paris,6,180,60000,6,mean_intersection,fine,1,66.134946016,126.38863500000025,1339954480,0.0,0.0,26062901248,0.7177954751562216,46589742,213695927
Paris,6,180,60000,6,mean_intersection,fine,2,66.517301504,126.4168180000006,1339954480,0.0,0.0,27315359744,0.7840543861631541,46589742,213695927
Paris,6,180,60000,6,mean_intersection,boarding,2,12.955404197,23.797279999999773,528525760,0.0,0.0,26491383808,0.829979507898081,5169422,15065937
Paris,6,180,60000,6,mean_intersection,boarding,3,12.986529038,23.69818099999975,528534240,0.0,0.0,26646093824,0.8286909433977887,5169422,15065937
Paris,6,180,60000,6,mean_intersection,fine,3,67.393926057,128.10782400000062,1339954480,0.0,0.0,26520522752,0.9032294089603369,46589742,213695927
Paris,6,180,60000,6,reachable_union,fine,0,66.823599468,127.4055500000004,1330026080,0.0,0.0,27558518784,0.9908842164616295,46589742,213695927
Paris,6,180,60000,6,reachable_union,boarding,0,12.554357423,22.979794999999285,518052224,0.0,0.0,27694292992,1.0243618662957448,5169422,15065937
Paris,6,180,60000,6,reachable_union,boarding,1,12.606047143,23.08892199999991,518049344,0.0,0.0,26783830016,1.040062586727193,5169422,15065937
Paris,6,180,60000,6,reachable_union,fine,1,67.231859351,128.79031299999951,1330026080,0.0,0.0,26586546176,1.099027867341531,46589742,213695927
Paris,6,180,60000,6,reachable_union,fine,2,68.08150709,129.5219479999996,1330026768,0.0,0.0,27795951616,1.1596108161313745,46589742,213695927
Paris,6,180,60000,6,reachable_union,boarding,2,12.669212727,23.197345999999925,518052224,0.0,0.0,26795372544,1.1960217518239475,5169422,15065937
Paris,6,180,60000,6,reachable_union,boarding,3,12.711469649,23.082618999999795,518049232,0.0,0.0,26736386048,1.190844286141462,5169422,15065937
Paris,6,180,60000,6,reachable_union,fine,3,68.014645306,130.15875300000062,1330026768,0.0,0.0,27638128640,1.2551891819172096,46589742,213695927
Paris,6,180,60000,12,mean_intersection,fine,0,132.74463858,258.6469269999998,1435047240,0.0,0.0,27602104320,1.1550980487063043,75189422,361533481
Paris,6,180,60000,12,mean_intersection,boarding,0,28.187322372,52.04105199999958,575619912,0.0,0.0,26658578432,0.6977941267531611,10144372,31240182
Paris,6,180,60000,12,mean_intersection,boarding,1,28.224030834,52.17523699999947,575630440,0.0,0.0,26605690880,0.7133907668384739,10144372,31240182
Paris,6,180,60000,12,mean_intersection,fine,1,129.66256673,251.67353000000003,1435047240,0.0,0.0,27828633600,0.8098441412062211,75189422,361533481
Paris,6,180,60000,12,mean_intersection,fine,2,131.138288436,255.19986400000016,1435046552,0.0,0.0,28918063104,0.9815602867415918,75189422,361533481
Paris,6,180,60000,12,mean_intersection,boarding,2,28.616096807,53.23996999999963,575630440,0.0,0.0,27975876608,1.0644369218313225,10144372,31240182
Paris,6,180,60000,12,mean_intersection,boarding,3,28.753359148,53.455095999999685,575630552,0.0,0.0,26895802368,1.0678718907932763,10144372,31240182
Paris,6,180,60000,12,mean_intersection,fine,3,129.828598992,251.81211499999972,1435045864,0.0,0.0,26667511808,0.8199109119753258,75189422,361533481
Paris,6,180,60000,12,reachable_union,fine,0,128.704328361,249.93315299999995,1405325560,0.0,0.0,27667447808,0.8138564439437429,75189422,361533481
Paris,6,180,60000,12,reachable_union,boarding,0,26.918301703,49.754823000000215,545773192,0.0,0.0,28001017856,0.9036668534422019,10144372,31240182
Paris,6,180,60000,12,reachable_union,boarding,1,27.044142389,49.880629999999655,545770200,0.0,0.0,27924795392,0.9373331065692208,10144372,31240182
Paris,6,180,60000,12,reachable_union,fine,1,130.635619527,253.91159199999947,1405324184,0.0,0.0,27866857472,1.0310236096988816,75189422,361533481
Paris,6,180,60000,12,reachable_union,fine,2,131.75882932,255.65819399999964,1405325560,0.0,0.0,28907573248,1.1665389469019487,75189422,361533481
Paris,6,180,60000,12,reachable_union,boarding,2,27.617561579,51.07002499999999,545766488,0.0,0.0,28076531712,1.260066892598395,10144372,31240182
Paris,6,180,60000,12,reachable_union,boarding,3,27.760059427,51.46946300000036,545753960,0.0,0.0,25816879104,1.2716304550012685,10144372,31240182
Paris,6,180,60000,12,reachable_union,fine,3,130.768988835,253.72366500000044,1405325560,0.0,0.0,25642012672,1.0134385543595275,75189422,361533481
London,6,4,60000,3,mean_intersection,fine,0,0.819605583,1.361457999999402,1273313336,0.001963044,0.0,24617259008,0.8644914269079292,734315,8290618
London,6,4,60000,3,mean_intersection,boarding,0,0.177394164,0.28459099999963655,507824080,0.0,0.0,24691847168,0.9324376643743326,79417,489766
London,6,4,60000,3,mean_intersection,boarding,1,0.152798568,0.26265799999964656,507822112,0.0,0.0,24637292544,0.8988435016434263,79417,489766
London,6,4,60000,3,mean_intersection,fine,1,0.828266905,1.593315000000075,1273314792,0.0,0.0,25559330816,0.7807688513047756,734315,8290618
London,6,4,60000,3,mean_intersection,fine,2,0.824944625,1.5832599999994272,1273314792,0.0,0.0,26020515840,0.9294442035758336,734315,8290618
London,6,4,60000,3,mean_intersection,boarding,2,0.157043293,0.2891849999996339,507823056,0.0,0.0,26082238464,0.5782800288390714,79417,489766
London,6,4,60000,3,mean_intersection,boarding,3,0.19510201,0.3027489999985846,507826048,0.0,0.0,26141224960,0.805993746966409,79417,489766
London,6,4,60000,3,mean_intersection,fine,3,0.821894318,1.5523750000011205,1273314792,0.0,0.0,26021351424,0.7392982123420347,734315,8290618
London,6,4,60000,3,reachable_union,fine,0,0.812815152,1.5485349999999016,1271543752,0.0,0.0,26943156224,0.7768863541698853,734315,8290618
London,6,4,60000,3,reachable_union,boarding,0,0.169826203,0.2962069999994128,505949128,0.0,0.0,26148450304,0.8467067950705061,79417,489766
London,6,4,60000,3,reachable_union,boarding,1,0.152305714,0.25720000000001164,505946216,0.0,0.0,26037391360,1.1345601907936018,79417,489766
London,6,4,60000,3,reachable_union,fine,1,0.833071278,1.556190000001152,1271543752,0.0,0.0,26037391360,0.9048565470465391,734315,8290618
London,6,4,60000,3,reachable_union,fine,2,0.834657733,1.556060000000798,1271544440,0.0,0.0,27019849728,0.8553685801864228,734315,8290618
London,6,4,60000,3,reachable_union,boarding,2,0.168308267,0.28108400000019174,505948184,0.0,0.0,26159124480,1.1224404092300702,79417,489766
London,6,4,60000,3,reachable_union,boarding,3,0.167516614,0.27036000000043714,505948184,0.0,0.0,25237319680,0.6545022453965041,79417,489766
London,6,4,60000,3,reachable_union,fine,3,0.866951276,1.593323999999484,1271545128,0.0,0.0,26220638208,0.8612663948232309,734315,8290618
London,18,96,900000,3,mean_intersection,fine,0,64.128100273,441.99690799999917,5118162680,0.002147179,0.0,30756741120,0.5748352413849286,160780931,2286441034
London,18,96,900000,3,mean_intersection,boarding,0,9.621678367,63.736157999999705,2442627456,0.0,0.0,26529718272,0.5990474613835421,15190363,116736991
London,18,96,900000,3,mean_intersection,boarding,1,9.704846627,63.72787900000003,2442673248,0.0,0.0,22004088832,0.5885843660890335,15190363,116736991
London,18,96,900000,3,mean_intersection,fine,1,64.801477483,442.11852799999906,5118154424,0.002073566,0.0,25322483712,0.6301009419234693,160780931,2286441034
London,18,96,900000,3,mean_intersection,fine,2,64.601952357,442.851263999999,5118161992,0.001976558,0.0,29049778176,0.6140485628174872,160780931,2286441034
London,18,96,900000,3,mean_intersection,boarding,2,9.617486529,63.855876000001444,2442635056,0.0,0.0,25827606528,0.6565253802021171,15190363,116736991
London,18,96,900000,3,mean_intersection,boarding,3,9.648927122,64.13671400000021,2442660832,0.0,0.0,21924786176,0.6480809649557802,15190363,116736991
London,18,96,900000,3,mean_intersection,fine,3,64.48347963,443.6339960000005,5118156488,0.001970323,0.0,25328648192,0.6483211551228141,160780931,2286441034
London,18,96,900000,3,reachable_union,fine,0,64.7955334,439.165031999999,5110934664,0.001957436,0.0,28989165568,0.623113444420258,160780931,2286441034
London,18,96,900000,3,reachable_union,boarding,0,9.170009939,62.90088000000105,2435426720,0.0,0.0,25798938624,0.436108578575689,15190363,116736991
London,18,96,900000,3,reachable_union,boarding,1,9.301885133,62.738674000000174,2435431488,0.0,0.0,22039343104,0.46348949038671994,15190363,116736991
London,18,96,900000,3,reachable_union,fine,1,63.400133814,442.05025699999896,5110932600,0.002054017,0.0,25290117120,0.47160378379756696,160780931,2286441034
London,18,96,900000,3,reachable_union,fine,2,63.65292555,440.62540400000034,5110934664,0.001948398,0.0,29049712640,0.5128530341352373,160780931,2286441034
London,18,96,900000,3,reachable_union,boarding,2,9.335326183,62.48238700000002,2435426720,0.0,0.0,25798938624,0.5053506334405731,15190363,116736991
London,18,96,900000,3,reachable_union,boarding,3,9.395023079,63.143811999998434,2435435312,0.0,0.0,22077534208,0.5115674500787462,15190363,116736991
London,18,96,900000,3,reachable_union,fine,3,63.915460411,441.8008740000005,5110932600,0.001949633,0.0,25328308224,0.5513396253945411,160780931,2286441034
London,18,96,60000,3,mean_intersection,fine,0,43.103334182,294.8830799999996,5109211000,0.001913234,0.0,29110259712,0.5947781183620967,132514130,360270363
London,18,96,60000,3,mean_intersection,boarding,0,5.907305459,39.4455880000005,2444774120,0.0,0.0,25783103488,0.5695341172536048,9027942,21871881
London,18,96,60000,3,mean_intersection,boarding,1,6.223723489,39.57589100000041,2445056608,0.0,0.0,21962944512,0.8956228550119111,9027942,21871881
London,18,96,60000,3,mean_intersection,fine,1,43.541550459,294.59625099999903,5109430240,0.001977572,0.0,25290100736,0.6957434606868311,132514130,360270363
London,18,96,60000,3,mean_intersection,fine,2,43.004291021,294.1885770000008,5109209624,0.001970058,0.0,28989132800,0.6206688301632459,132514130,360270363
London,18,96,60000,3,mean_intersection,boarding,2,5.955469493,39.33636800000022,2444781768,0.0,0.0,25738358784,0.6386787816618825,9027942,21871881
London,18,96,60000,3,mean_intersection,boarding,3,5.879594594,39.37152099999912,2444782712,0.0,0.0,22001135616,0.6137292193208429,9027942,21871881
London,18,96,60000,3,mean_intersection,fine,3,42.584206144,296.0033979999989,5109208248,0.002053952,0.0,25251909632,0.5980292767195641,132514130,360270363
London,18,96,60000,3,reachable_union,fine,0,42.609882616,293.39651199999935,5099198536,0.002037544,0.0,29049696256,0.6159014385587676,132514130,360270363
London,18,96,60000,3,reachable_union,boarding,0,5.768581349,38.492919000000256,2434766168,0.0,0.0,25760731136,0.6304983461202118,9027942,21871881
London,18,96,60000,3,reachable_union,boarding,1,5.737752019,38.67197999999917,2434774760,0.0,0.0,22001135616,0.6375353950401075,9027942,21871881
London,18,96,60000,3,reachable_union,fine,1,43.075557453,293.99200999999994,5099196472,0.002014914,0.0,25290100736,0.651831146484902,132514130,360270363
London,18,96,60000,3,reachable_union,fine,2,42.992912809,293.2605110000004,5099421216,0.001999398,0.0,29110259712,0.6652140348582917,132514130,360270363
London,18,96,60000,3,reachable_union,boarding,2,5.86385521,38.46847499999967,2434762344,0.0,0.0,25783103488,0.6841105137010541,9027942,21871881
London,18,96,60000,3,reachable_union,boarding,3,5.83685885,38.456474999999045,2434782408,0.0,0.0,22039326720,0.6756245270361168,9027942,21871881
London,18,96,60000,3,reachable_union,fine,3,42.966634452,294.16424800000095,5099195784,0.001573006,0.0,25305919488,0.6834547870561377,132514130,360270363
London,6,180,60000,6,mean_intersection,fine,0,48.450885759,94.92545500000051,1315370920,0.0,0.0,25678647296,1.2632286085427258,47045532,177003542
London,6,180,60000,6,mean_intersection,boarding,0,10.433276115,18.500723000001017,520735800,0.0,0.0,25798520832,1.2516947558938871,5015146,12099692
London,6,180,60000,6,mean_intersection,boarding,1,10.383793369,18.546374999999898,520741400,0.0,0.0,25815920640,1.3043041708053376,5015146,12099692
London,6,180,60000,6,mean_intersection,fine,1,48.971713491,95.81787800000166,1315372296,0.0,0.0,25937047552,1.3306073517716546,47045532,177003542
London,6,180,60000,6,mean_intersection,fine,2,49.07257631,96.00330600000052,1315373672,0.0,0.0,27101106176,1.3907297951685529,47045532,177003542
London,6,180,60000,6,mean_intersection,boarding,2,10.440236103,18.62299499999972,520745336,0.0,0.0,27358253056,1.43742007862185,5015146,12099692
London,6,180,60000,6,mean_intersection,boarding,3,10.465074447,18.617254000000685,520747192,0.0,0.0,27336507392,1.4173569500219676,5015146,12099692
London,6,180,60000,6,mean_intersection,fine,3,48.878962037,95.90017400000033,1315371608,0.0,0.0,28258938880,1.4339466936088847,47045532,177003542
London,6,180,60000,6,reachable_union,fine,0,48.805516662,95.92152999999962,1307559024,0.0,0.0,29257351168,1.515371110856186,47045532,177003542
London,6,180,60000,6,reachable_union,boarding,0,10.183328605,18.209138000000166,515035992,0.0,0.0,29356433408,1.5339642474355686,5015146,12099692
London,6,180,60000,6,reachable_union,boarding,1,10.312233824,18.298475999999937,515032168,0.0,0.0,27392024576,1.533278266373657,5015146,12099692
London,6,180,60000,6,reachable_union,fine,1,48.9996291,96.20216100000107,1307559024,0.0,0.0,28495196160,1.5411920536371448,47045532,177003542
London,6,180,60000,6,reachable_union,fine,2,47.597743448,93.63526399999864,1307558336,0.0,0.0,28434632704,1.209820714775777,47045532,177003542
London,6,180,60000,6,reachable_union,boarding,2,9.610368928,17.17090200000166,515031224,0.0,0.0,24524414976,0.6440021237844793,5015146,12099692
London,6,180,60000,6,reachable_union,boarding,3,9.594088582,17.130183999999645,515034216,0.0,0.0,23320260608,0.6284928420762993,5015146,12099692
London,6,180,60000,6,reachable_union,fine,3,46.433216474,90.92312500000116,1307556272,0.0,0.0,24122912768,0.718168533910922,47045532,177003542
London,6,180,60000,12,mean_intersection,fine,0,115.205719159,227.94630599999982,1406350352,0.0,0.0,25165844480,0.9049350567055524,82342775,335075240
London,6,180,60000,12,mean_intersection,boarding,0,28.43784025,51.86312600000019,563448424,0.0,0.0,24062353408,1.9634709777214265,10375770,25983402
London,6,180,60000,12,mean_intersection,boarding,1,29.859129241,54.543783000000985,563449448,0.0,0.0,22958227456,2.6292199067964637,10375770,25983402
London,6,180,60000,12,mean_intersection,fine,1,130.968146898,257.8836569999985,1406351040,0.0,0.0,24001785856,2.255940471007743,82342775,335075240
London,6,180,60000,12,mean_intersection,fine,2,121.23590553,239.20571899999777,1406351040,0.0,0.0,25105604608,1.5201295374858923,82342775,335075240
London,6,180,60000,12,mean_intersection,boarding,2,25.720808908,46.64928100000179,563452360,0.0,0.0,25098780672,0.7951040370946696,10375770,25983402
London,6,180,60000,12,mean_intersection,boarding,3,25.649807789,46.544386999998096,563451416,0.0,0.0,23074009088,0.8372621415600008,10375770,25983402
London,6,180,60000,12,mean_intersection,fine,3,116.379919286,229.82483500000308,1406351040,0.0,0.0,24091639808,0.9850940411655733,82342775,335075240
London,6,180,60000,12,reachable_union,fine,0,114.164605412,225.3217599999989,1376629360,0.0,0.0,24091639808,0.9206727393375131,82342775,335075240
London,6,180,60000,12,reachable_union,boarding,0,24.116458605,44.03277600000001,545763016,0.0,0.0,24212467712,0.6434287991533472,10375770,25983402
London,6,180,60000,12,reachable_union,boarding,1,24.267406491,44.10924800000066,545764872,0.0,0.0,23148081152,0.6659447521106744,10375770,25983402
London,6,180,60000,12,reachable_union,fine,1,113.557082982,223.64010499999858,1376630048,0.0,0.0,24259956736,0.8190585083518547,82342775,335075240
London,6,180,60000,12,reachable_union,fine,2,115.930485981,228.00123200000235,1376628672,0.0,0.0,24199389184,0.9750564490738094,82342775,335075240
London,6,180,60000,12,reachable_union,boarding,2,26.667652533,48.47357499999998,545764040,0.0,0.0,24380182528,1.829798289880795,10375770,25983402
London,6,180,60000,12,reachable_union,boarding,3,27.880612156,50.4501339999988,545764984,0.0,0.0,23341842432,2.522536650433406,10375770,25983402
London,6,180,60000,12,reachable_union,fine,3,128.862018694,253.77955500000098,1376630048,0.0,0.0,24325140480,2.1474166539103234,82342775,335075240
