city,radius,samples,step_ms,mode,origin,fine,coarse,signed_error
Paris,18,96,900000,mean_intersection,881fb476e1fffff,8.739216e6,1.0164056e7,1.42484e6
Paris,18,96,900000,mean_intersection,881fb476ebfffff,8.584172e6,1.0003927e7,1.419755e6
Paris,18,96,900000,mean_intersection,881fb4768dfffff,8.577004e6,9.981035e6,1.404031e6
Paris,18,96,900000,mean_intersection,881fb476edfffff,8.841775e6,1.0190849e7,1.349074e6
Paris,18,96,900000,mean_intersection,881fb476e9fffff,8.607765e6,9.954931e6,1.347166e6
Paris,18,96,900000,mean_intersection,881fb470b3fffff,9.175375e6,1.0284675e7,1.1093e6
Paris,18,96,900000,mean_intersection,881fb476e3fffff,9.093091e6,1.017892e7,1.085829e6
Paris,18,96,900000,mean_intersection,881fb4624bfffff,9.222042e6,1.0275144e7,1.053102e6
Paris,18,96,900000,mean_intersection,881fb47681fffff,8.897113e6,9.933071e6,1.035958e6
Paris,18,96,900000,mean_intersection,881fb47633fffff,9.185253e6,1.0205077e7,1.019824e6
Paris,18,96,900000,reachable_union,881fb4659dfffff,2.2003046312499993e7,1.5367801406249981e7,-6.635244906250011e6
Paris,18,96,900000,reachable_union,881fb0930dfffff,2.1641368656250015e7,1.5069309343749959e7,-6.572059312500056e6
Paris,18,96,900000,reachable_union,881fb46443fffff,2.5112206812500007e7,1.874719979166668e7,-6.365007020833328e6
Paris,18,96,900000,reachable_union,881fb46455fffff,2.4427402885416664e7,1.82975744166667e7,-6.129828468749963e6
Paris,18,96,900000,reachable_union,881fb42b0dfffff,2.153572355208333e7,1.5515738604166659e7,-6.01998494791667e6
Paris,18,96,900000,reachable_union,881fb09b41fffff,1.9525955541666683e7,1.3519441208333297e7,-6.006514333333386e6
Paris,18,96,900000,reachable_union,881fb09301fffff,2.0932682375e7,1.4938990729166633e7,-5.9936916458333675e6
Paris,18,96,900000,reachable_union,881fb4759dfffff,2.4720983093750007e7,1.8736309208333403e7,-5.984673885416605e6
Paris,18,96,900000,reachable_union,881fb465ddfffff,2.1413973260416687e7,1.5441344687500011e7,-5.972628572916675e6
Paris,18,96,900000,reachable_union,881fb475b1fffff,2.531905653124998e7,1.9357748208333377e7,-5.961308322916605e6
Paris,18,96,60000,mean_intersection,881fb0930dfffff,1.8795229e7,1.2259884e7,-6.535345e6
Paris,18,96,60000,mean_intersection,881fb09301fffff,1.8367371e7,1.2258741e7,-6.10863e6
Paris,18,96,60000,mean_intersection,881fb4659dfffff,1.830698e7,1.2223152e7,-6.083828e6
Paris,18,96,60000,mean_intersection,881fb466a1fffff,1.9929991e7,1.3866241e7,-6.06375e6
Paris,18,96,60000,mean_intersection,881fb09309fffff,1.8312257e7,1.2260276e7,-6.051981e6
Paris,18,96,60000,mean_intersection,881fb466adfffff,2.0159113e7,1.4168291e7,-5.990822e6
Paris,18,96,60000,mean_intersection,881fb46453fffff,2.002478e7,1.4036225e7,-5.988555e6
Paris,18,96,60000,mean_intersection,881fb46433fffff,1.9483068e7,1.3529792e7,-5.953276e6
Paris,18,96,60000,mean_intersection,881fb465d1fffff,1.8851883e7,1.2899285e7,-5.952598e6
Paris,18,96,60000,mean_intersection,881fb464e7fffff,1.8193667e7,1.2242067e7,-5.9516e6
Paris,18,96,60000,reachable_union,881fb0930dfffff,2.6864872135416675e7,1.739945941666674e7,-9.465412718749937e6
Paris,18,96,60000,reachable_union,881fb46451fffff,2.9843120395833336e7,2.0641304041666616e7,-9.20181635416672e6
Paris,18,96,60000,reachable_union,881fb46455fffff,3.0344363468749996e7,2.1385193447916657e7,-8.95917002083334e6
Paris,18,96,60000,reachable_union,881fb09309fffff,2.6250514531250026e7,1.7336231343750086e7,-8.91428318749994e6
Paris,18,96,60000,reachable_union,881fb42b31fffff,2.6334017614583317e7,1.752977570833332e7,-8.804241906249996e6
Paris,18,96,60000,reachable_union,881fb466a1fffff,2.8545321552083258e7,1.980642908333339e7,-8.738892468749866e6
Paris,18,96,60000,reachable_union,881fb09301fffff,2.6011096218750022e7,1.7301906125000082e7,-8.70919009374994e6
Paris,18,96,60000,reachable_union,881fb466e3fffff,2.7617980354166605e7,1.8916592791666728e7,-8.701387562499877e6
Paris,18,96,60000,reachable_union,881fb46457fffff,2.9234269166666653e7,2.056533560416661e7,-8.668933562500045e6
Paris,18,96,60000,reachable_union,881fb466adfffff,2.908407602083328e7,2.042576229166673e7,-8.658313729166549e6
Paris_moved,18,96,60000,mean_intersection,881fb0930dfffff,1.8795229e7,1.2259884e7,-6.535345e6
Paris_moved,18,96,60000,mean_intersection,881fb09301fffff,1.8367371e7,1.2258741e7,-6.10863e6
Paris_moved,18,96,60000,mean_intersection,881fb4659dfffff,1.830698e7,1.2223152e7,-6.083828e6
Paris_moved,18,96,60000,mean_intersection,881fb466a1fffff,1.9929991e7,1.3866241e7,-6.06375e6
Paris_moved,18,96,60000,mean_intersection,881fb09309fffff,1.8312257e7,1.2260276e7,-6.051981e6
Paris_moved,18,96,60000,mean_intersection,881fb466adfffff,2.0159113e7,1.4168291e7,-5.990822e6
Paris_moved,18,96,60000,mean_intersection,881fb46453fffff,2.002478e7,1.4036225e7,-5.988555e6
Paris_moved,18,96,60000,mean_intersection,881fb46433fffff,1.9483068e7,1.3529792e7,-5.953276e6
Paris_moved,18,96,60000,mean_intersection,881fb465d1fffff,1.8851883e7,1.2899285e7,-5.952598e6
Paris_moved,18,96,60000,mean_intersection,881fb464e7fffff,1.8193667e7,1.2242067e7,-5.9516e6
Paris_large,57,96,60000,mean_intersection,881fb6a423fffff,1.2046813e7,269712.0,-1.1777101e7
Paris_large,57,96,60000,mean_intersection,881fb6a427fffff,1.2040338e7,454651.0,-1.1585687e7
Paris_large,57,96,60000,mean_intersection,881fb6a431fffff,1.1652439e7,266746.0,-1.1385693e7
Paris_large,57,96,60000,mean_intersection,881fb6a5cbfffff,1.1495293e7,175923.0,-1.131937e7
Paris_large,57,96,60000,mean_intersection,881fb6a435fffff,1.1960845e7,669536.0,-1.1291309e7
Paris_large,57,96,60000,mean_intersection,881fb6a437fffff,1.150359e7,231157.0,-1.1272433e7
Paris_large,57,96,60000,mean_intersection,881fb6a5c9fffff,1.1727278e7,500672.0,-1.1226606e7
Paris_large,57,96,60000,mean_intersection,881fb6a5cdfffff,1.1576764e7,481047.0,-1.1095717e7
Paris_large,57,96,60000,mean_intersection,881fb6a51bfffff,1.1686867e7,681936.0,-1.1004931e7
Paris_large,57,96,60000,mean_intersection,881fb6a557fffff,1.1412797e7,425906.0,-1.0986891e7
London,18,96,900000,mean_intersection,88194ad83bfffff,9.921986e6,1.1545805e7,1.623819e6
London,18,96,900000,mean_intersection,88194ad09dfffff,9.601189e6,1.1176346e7,1.575157e6
London,18,96,900000,mean_intersection,88194ad0d7fffff,9.775779e6,1.1307995e7,1.532216e6
London,18,96,900000,mean_intersection,88194ad2b1fffff,9.877947e6,1.1385987e7,1.50804e6
London,18,96,900000,mean_intersection,88194ad2b3fffff,9.57604e6,1.106659e7,1.49055e6
London,18,96,900000,mean_intersection,88194ad083fffff,9.812994e6,1.1251944e7,1.43895e6
London,18,96,900000,mean_intersection,88194ad0b9fffff,9.717008e6,1.1122509e7,1.405501e6
London,18,96,900000,mean_intersection,88194ad833fffff,9.928886e6,1.1316458e7,1.387572e6
London,18,96,900000,mean_intersection,88194ad0d9fffff,9.811144e6,1.1169747e7,1.358603e6
London,18,96,900000,mean_intersection,88194ad095fffff,9.784468e6,1.1122845e7,1.338377e6
London,18,96,900000,reachable_union,88194e6917fffff,3.79709108645834e7,2.5511604364583366e7,-1.2459306500000037e7
London,18,96,900000,reachable_union,88194e693dfffff,3.840070784375004e7,2.6071496770833466e7,-1.2329211072916571e7
London,18,96,900000,reachable_union,88194ada55fffff,3.846886945833336e7,2.6861657375000093e7,-1.1607212083333265e7
London,18,96,900000,reachable_union,88194e693bfffff,3.675400506250008e7,2.5185558927083425e7,-1.1568446135416657e7
London,18,96,900000,reachable_union,88194e6931fffff,3.880904452083342e7,2.7310035708333466e7,-1.1499008812499952e7
London,18,96,900000,reachable_union,88194ada41fffff,3.892436217708339e7,2.751217348958337e7,-1.1412188687500019e7
London,18,96,900000,reachable_union,88195da5ddfffff,3.746215320833337e7,2.618377208333325e7,-1.1278381125000123e7
London,18,96,900000,reachable_union,88195da403fffff,3.832721351041674e7,2.713304296875006e7,-1.119417054166668e7
London,18,96,900000,reachable_union,88195da615fffff,3.659139092708338e7,2.555549180208328e7,-1.10358991250001e7
London,18,96,900000,reachable_union,88195da5c3fffff,3.628381947916666e7,2.5268324718749948e7,-1.1015494760416709e7
London,18,96,60000,mean_intersection,88194e6917fffff,3.7279e7,2.3765813e7,-1.3513187e7
London,18,96,60000,mean_intersection,88195da615fffff,3.6125934e7,2.2810692e7,-1.3315242e7
London,18,96,60000,mean_intersection,88194e6839fffff,3.4861952e7,2.2239491e7,-1.2622461e7
London,18,96,60000,mean_intersection,88194e6907fffff,3.5561031e7,2.3141244e7,-1.2419787e7
London,18,96,60000,mean_intersection,88194e6915fffff,3.5437477e7,2.3160226e7,-1.2277251e7
London,18,96,60000,mean_intersection,88194e692bfffff,3.6156723e7,2.3915571e7,-1.2241152e7
London,18,96,60000,mean_intersection,88195da5c3fffff,3.6432762e7,2.4229908e7,-1.2202854e7
London,18,96,60000,mean_intersection,88194e693dfffff,3.7215882e7,2.5162761e7,-1.2053121e7
London,18,96,60000,mean_intersection,88195da5ddfffff,3.7478947e7,2.5442316e7,-1.2036631e7
London,18,96,60000,mean_intersection,88194e6939fffff,3.5431076e7,2.3446743e7,-1.1984333e7
London,18,96,60000,reachable_union,88194e692bfffff,4.7073625625000134e7,3.0798430531249944e7,-1.627519509375019e7
London,18,96,60000,reachable_union,88194e693dfffff,4.8328245760416836e7,3.209192396875012e7,-1.6236321791666716e7
London,18,96,60000,reachable_union,88194ada47fffff,4.888295636458335e7,3.2658841999999933e7,-1.6224114364583418e7
London,18,96,60000,reachable_union,88194ada55fffff,4.832519590625e7,3.238344728124997e7,-1.594174862500003e7
London,18,96,60000,reachable_union,88194e6907fffff,4.594236687500011e7,3.0248827322916575e7,-1.5693539552083537e7
London,18,96,60000,reachable_union,88194e6915fffff,4.5573205885416746e7,3.0223796083333317e7,-1.5349409802083429e7
London,18,96,60000,reachable_union,88194e6917fffff,4.7924638822916836e7,3.258139327083339e7,-1.5343245552083444e7
London,18,96,60000,reachable_union,88195da691fffff,5.1675834968750276e7,3.640355458333348e7,-1.5272280385416798e7
London,18,96,60000,reachable_union,88195da5ddfffff,4.747309608333353e7,3.223352056250005e7,-1.5239575520833481e7
London,18,96,60000,reachable_union,88194e6963fffff,4.576363846875011e7,3.054699509374998e7,-1.521664337500013e7
London_moved,18,96,60000,mean_intersection,88194e6917fffff,3.7279e7,2.3765813e7,-1.3513187e7
London_moved,18,96,60000,mean_intersection,88195da615fffff,3.6125934e7,2.2810692e7,-1.3315242e7
London_moved,18,96,60000,mean_intersection,88194e6839fffff,3.4861952e7,2.2239491e7,-1.2622461e7
London_moved,18,96,60000,mean_intersection,88194e6907fffff,3.5561031e7,2.3141244e7,-1.2419787e7
London_moved,18,96,60000,mean_intersection,88194e6915fffff,3.5437477e7,2.3160226e7,-1.2277251e7
London_moved,18,96,60000,mean_intersection,88194e692bfffff,3.6156723e7,2.3915571e7,-1.2241152e7
London_moved,18,96,60000,mean_intersection,88195da5c3fffff,3.6432762e7,2.4229908e7,-1.2202854e7
London_moved,18,96,60000,mean_intersection,88194e693dfffff,3.7215882e7,2.5162761e7,-1.2053121e7
London_moved,18,96,60000,mean_intersection,88195da5ddfffff,3.7478947e7,2.5442316e7,-1.2036631e7
London_moved,18,96,60000,mean_intersection,88194e6939fffff,3.5431076e7,2.3446743e7,-1.1984333e7
