city,res,origins,samples,variant,pair,wall_s,cpu_s,bytes,gc_s,compile_s,rss,external_cores,shared,separate
Vienna,6,1027,96,fine,0,11.335149953,76.24740999999999,258313488,0.007715163,8.922807445,6519721984,0.8639135821441448,44959930,435833812
Vienna,6,1027,96,free,0,1.373103214,8.823782999999992,44147344,0.0,0.80358189,6459273216,0.9148744152295741,5797136,79622408
Vienna,6,1027,96,scalar,0,7.605340669,47.961421,170608160,0.0,2.691285984,6372872192,1.1253380186883262,30468058,30468058
Vienna,6,1027,96,batched,0,2.796303508,15.180784999999986,122030256,0.0,6.510875428,6387736576,1.505278303292814,5039026,30381882
Vienna,6,1027,96,batched,1,2.002648972,12.58638400000001,73787928,0.0,0.0,6388654080,1.2851058951913874,5039026,30381882
Vienna,6,1027,96,fine,1,11.086187142,72.48187200000001,150761416,0.0,0.0,6389850112,1.2437213826007247,44959930,435833812
Vienna,6,1027,96,free,1,1.344712877,8.816637000000014,42307976,0.0,0.0,6390104064,1.1923459851287608,5797136,79622408
Vienna,6,1027,96,scalar,1,7.638100835,46.99933599999997,148300032,0.0,0.0,6401089536,1.2621807708845203,30468058,30468058
Vienna,6,1027,96,scalar,2,7.28760436,46.53740499999998,148522024,0.0,0.0,6405566464,1.113204641644858,30468058,30468058
Vienna,6,1027,96,batched,2,1.940369551,12.39660200000003,73787928,0.0,0.0,6406021120,1.1716314548794315,5039026,30381882
Vienna,6,1027,96,fine,2,10.482267392,71.24073500000003,150761416,0.0,0.0,6407938048,0.9825417168710614,44959930,435833812
Vienna,6,1027,96,free,2,1.29754593,8.63937500000003,42307976,0.0,0.0,6407938048,1.0100798512414926,5797136,79622408
Vienna,6,1027,96,free,3,1.335292981,8.696168999999998,42177104,0.0,0.0,6407938048,1.0213721028609724,5797136,79622408
Vienna,6,1027,96,scalar,3,7.236571855,46.456792000000064,148522024,0.0,0.0,6410727424,1.0810654764137453,30468058,30468058
Vienna,6,1027,96,batched,3,2.293845465,12.668434000000047,73787928,0.0,0.0,6410743808,2.162990522120726,5039026,30381882
Vienna,6,1027,96,fine,3,10.471173503,71.36682599999995,150761416,0.0,0.0,6410764288,1.0116510816030169,44959930,435833812
Salzburg,6,1027,96,fine,0,4.469712572,28.240312000000017,133931952,0.0,0.0,6510067712,0.8031138338875918,21104244,191556889
Salzburg,6,1027,96,free,0,0.812464704,5.520742999999925,39873192,0.0,0.0,6445367296,0.5406474863464619,4025175,42761041
Salzburg,6,1027,96,scalar,0,2.555205351,14.880582000000004,95159496,0.0,0.0,6444748800,0.7785746062314579,11680598,11680598
Salzburg,6,1027,96,batched,0,0.763484399,4.49120599999992,68676960,0.0,0.0,6446555136,0.7188018520825503,2278189,11651341
Salzburg,6,1027,96,batched,1,0.802321714,4.454706999999985,68676960,0.0,0.0,6446456832,0.8541374215056892,2278189,11651341
Salzburg,6,1027,96,fine,1,4.455244223,28.380990999999995,133839576,0.0,0.0,6446469120,0.8235258981102486,21104244,191556889
Salzburg,6,1027,96,free,1,0.845028084,5.5714739999999665,39855640,0.0,0.0,6446272512,0.8976340720937972,4025175,42761041
Salzburg,6,1027,96,scalar,1,2.540625521,14.966004999999996,95159496,0.0,0.0,6446280704,0.824204505051055,11680598,11680598
Salzburg,6,1027,96,scalar,2,2.529701131,15.136978999999997,95159496,0.0,0.0,6446280704,0.9182985972119371,11680598,11680598
Salzburg,6,1027,96,batched,2,0.807347854,4.553931000000034,68769336,0.0,0.0,6446317568,1.1098920937613777,2278189,11651341
Salzburg,6,1027,96,fine,2,4.660347237,28.058897,133931952,0.0,0.0,6446325760,0.9615384374066226,21104244,191556889
Salzburg,6,1027,96,free,2,0.824761068,5.584348999999975,39873192,0.0,0.0,6446325760,0.8313328873310152,4025175,42761041
Salzburg,6,1027,96,free,3,0.860256585,5.5184169999999995,39886280,0.0,0.0,6446325760,0.9782930054363149,4025175,42761041
Salzburg,6,1027,96,scalar,3,2.647829497,14.94208500000002,95159496,0.0,0.0,6446325760,1.0717891779826787,11680598,11680598
Salzburg,6,1027,96,batched,3,0.774760201,4.559965000000034,68769336,0.0,0.0,6446563328,1.342396006705413,2278189,11651341
Salzburg,6,1027,96,fine,3,4.565155661,28.500804000000016,133839576,0.0,0.0,6446563328,1.0556476838753683,21104244,191556889
Vienna,7,1027,96,fine,0,11.495166086,71.82653100000005,150778968,0.0,0.0,7252877312,1.4800542134565693,44959930,435833812
Vienna,7,1027,96,free,0,3.383297884,21.73861899999997,76133864,0.0,0.0,7129706496,1.271357458762056,16789767,215661833
Vienna,7,1027,96,scalar,0,17.977828208,100.91108499999996,182714776,0.0,0.0,7086194688,1.870020928616273,106459406,106459406
Vienna,7,1027,96,batched,0,5.17829056,31.5864160000001,171275944,0.0,0.0,7108132864,1.5552591934697182,17362806,106059697
Vienna,7,1027,96,batched,1,4.719967468,31.10894200000007,171258392,0.0,0.0,7109345280,0.9387899450745076,17362806,106059697
Vienna,7,1027,96,fine,1,10.262813816,71.47200599999996,150778968,0.0,0.0,7110008832,0.8231654740491231,44959930,435833812
Vienna,7,1027,96,free,1,3.081894608,21.64827000000014,76133864,0.0,0.0,7110438912,0.8182401804058612,16789767,215661833
Vienna,7,1027,96,scalar,1,15.163641219,96.29130200000009,182714776,0.0,0.0,7116615680,1.0313286745703196,106459406,106459406
Vienna,7,1027,96,scalar,2,14.847779337,96.41008600000009,182714776,0.0,0.0,7121940480,1.0136137976174622,106459406,106459406
Vienna,7,1027,96,batched,2,4.625722624,30.905598000000055,171366400,0.0,0.0,7121887232,0.9997145042632521,17362806,106059697
Vienna,7,1027,96,fine,2,10.305349645,71.38434099999995,150761416,0.0,0.0,7122550784,0.8719412062214794,44959930,435833812
Vienna,7,1027,96,free,2,3.130014747,21.733192000000145,76133864,0.0,0.0,7122571264,0.9063241643406329,16789767,215661833
Vienna,7,1027,96,free,3,3.24360785,21.553700000000163,76138328,0.0,0.0,7122579456,0.8990914237588548,16789767,215661833
Vienna,7,1027,96,scalar,3,15.177397473,96.55514199999993,182714776,0.0,0.0,7124078592,1.0762621212940569,106459406,106459406
Vienna,7,1027,96,batched,3,4.72730691,30.90035899999998,171348848,0.0,0.0,7124090880,1.0364550246742041,17362806,106059697
Vienna,7,1027,96,fine,3,10.376241032,71.47559799999999,150761416,0.0,0.0,7124103168,0.8234583192186814,44959930,435833812
Salzburg,7,1027,96,fine,0,4.418389441,28.440997000000152,133822024,0.0,0.0,7226142720,0.7443895663567472,21104244,191556889
Salzburg,7,1027,96,free,0,1.65379022,10.986233999999968,68866944,0.0,0.0,7106899968,0.8246305870503632,9410511,96978773
Salzburg,7,1027,96,scalar,0,5.122237406,28.874950999999783,126617032,0.0,0.0,7106236416,0.8931739467199641,36112501,36112501
Salzburg,7,1027,96,batched,0,1.612667725,9.706784999999854,161041200,0.0,0.0,7106220032,0.8205131035459181,6682854,36006719
Salzburg,7,1027,96,batched,1,1.627354139,9.704339999999775,161456648,0.0,0.0,7106088960,0.9620892972100872,6682854,36006719
Salzburg,7,1027,96,fine,1,4.342733689,28.25150799999983,133602208,0.0,0.0,7106461696,0.7595427756220213,21104244,191556889
Salzburg,7,1027,96,free,1,1.690992726,10.98257700000022,68866944,0.0,0.0,7106412544,0.8973563142339506,9410511,96978773
Salzburg,7,1027,96,scalar,1,5.308293509,29.10155199999963,126617032,0.0,0.0,7106424832,1.0829182656059313,36112501,36112501
Salzburg,7,1027,96,scalar,2,5.256668427,28.96177200000011,127178984,0.0,0.0,7106433024,1.0554647067704024,36112501,36112501
Salzburg,7,1027,96,batched,2,1.582869922,9.621674999999868,161264448,0.0,0.0,7106433024,0.8391877194022299,6682854,36006719
Salzburg,7,1027,96,fine,2,4.456808783,28.339728999999807,133822024,0.0,0.0,7106433024,0.9379516159292233,21104244,191556889
Salzburg,7,1027,96,free,2,1.66591472,10.87350000000015,68866944,0.0,0.0,7106433024,0.8983052865966598,9410511,96978773
Salzburg,7,1027,96,free,3,1.675405917,10.973586000000068,68866944,0.0,0.0,7106433024,0.9409146667389368,9410511,96978773
Salzburg,7,1027,96,scalar,3,5.310454161,29.035417000000052,127178984,0.0,0.0,7106441216,1.1363591167744458,36112501,36112501
Salzburg,7,1027,96,batched,3,1.658917907,9.774741999999605,161075976,0.0,0.0,7106461696,1.0641020828028518,6682854,36006719
Salzburg,7,1027,96,fine,3,4.585888847,28.308232000000316,134169320,0.0,0.0,7106461696,1.0427134541420968,21104244,191556889
