case,variant,pair,wall_s,cpu_s,bytes,gc_s,compile_s,rss,maxrss,workers,shared,separate
reported,zero,0,64.852575537,17.91251699999998,3222921376,0.250457147,5.820215551,20261240832,25002221568,5,2663680,10175694
reported,fine,0,687.304359729,16.969227000000046,3128590352,0.190116591,0.0,23340433408,25002221568,5,2663680,10175694
reported,fixed,0,4.170912292,10.494836999999961,4085681264,0.879337446,6.597497735,20484714496,25002221568,5,5273846,20327686
reported,fixed,1,1.834138283,6.155709000000115,3964380840,0.414519098,0.0,20895412224,25002221568,5,5273846,20327686
reported,zero,1,0.999465791,3.810946000000058,3128563616,0.198981829,0.0,22949224448,25002221568,5,2663680,10175694
reported,fine,1,1.441004926,4.6503060000000005,3128590352,0.284256738,0.0,26075701248,26074763264,5,2663680,10175694
reported,fine,2,3.759093237,4.592901999999867,3128590352,0.178621221,0.0,29201899520,29200699392,5,2663680,10175694
reported,fixed,2,2.789267519,5.733765999999832,3964381176,0.587462296,0.0,21274357760,29712605184,5,5273846,20327686
reported,zero,2,1.012854418,3.7307720000001154,3128562160,0.186097835,0.0,22979035136,29712605184,5,2663680,10175694
reported,zero,3,1.351994121,4.600041999999803,3128567744,0.266909388,0.0,26105229312,29712605184,5,2663680,10175694
reported,fine,3,1.18208961,4.074723000000176,3128590352,0.183587906,0.0,29231423488,29712605184,5,2663680,10175694
reported,fixed,3,1.734235067,5.312754999999925,3964379800,0.389340166,0.0,24877363200,29712605184,5,5273846,20327686
near_B900000_W180000,zero,0,0.005985265,0.006646999999929903,142749312,0.0,0.0,24223006720,29712605184,1,153,428
near_B900000_W180000,fine,0,0.005913876,0.005850999999893247,142749360,0.0,0.0,24223006720,29712605184,1,153,428
near_B900000_W180000,fixed,0,0.007706205,0.009290999999848282,228434192,0.0,0.0,21312860160,29712605184,1,430,630
near_B900000_W180000,fixed,1,0.007570933,0.007890999999972337,228434192,0.0,0.0,21312860160,29712605184,1,430,630
near_B900000_W180000,zero,1,0.005318801,0.005386000000044078,142749312,0.0,0.0,21312905216,29712605184,1,153,428
near_B900000_W180000,fine,1,0.005187655,0.006215999999994892,142749360,0.0,0.0,21312905216,29712605184,1,153,428
near_B900000_W180000,fine,2,0.005155704,0.005644000000074811,142749360,0.0,0.0,21312905216,29712605184,1,153,428
near_B900000_W180000,fixed,2,0.014645499,0.015578000000004977,228434192,0.0,0.0,21324509184,29712605184,1,430,630
near_B900000_W180000,zero,2,0.005149427,0.005643999999847438,142749312,0.0,0.0,19117514752,29712605184,1,153,428
near_B900000_W180000,zero,3,0.005229113,0.005675000000110231,142749312,0.0,0.0,19117514752,29712605184,1,153,428
near_B900000_W180000,fine,3,0.005333363,0.005858999999873049,142749360,0.0,0.0,19117514752,29712605184,1,153,428
near_B900000_W180000,fixed,3,0.009413044,0.009092999999893436,228434192,0.0,0.0,19117989888,29712605184,1,430,630
near_B900000_W360000,zero,0,0.005281145,0.005912999999964086,142749312,0.0,0.0,19117989888,29712605184,1,153,428
near_B900000_W360000,fine,0,0.005206526,0.005729999999857682,142749360,0.0,0.0,19117989888,29712605184,1,153,428
near_B900000_W360000,fixed,0,0.010641673,0.012185000000044965,228436656,0.0,0.0,19121950720,29712605184,1,430,630
near_B900000_W360000,fixed,1,0.007743704,0.008563999999978478,228436656,0.0,0.0,19121950720,29712605184,1,430,630
near_B900000_W360000,zero,1,0.006307658,0.006527000000005501,142749312,0.0,0.0,19121950720,29712605184,1,153,428
near_B900000_W360000,fine,1,0.005567749,0.00641700000005585,142749360,0.0,0.0,19121950720,29712605184,1,153,428
near_B900000_W360000,fine,2,0.005255598,0.006037999999989552,142749360,0.0,0.0,19121950720,29712605184,1,153,428
near_B900000_W360000,fixed,2,0.008169426,0.007684000000153901,228436656,0.0,0.0,19121950720,29712605184,1,430,630
near_B900000_W360000,zero,2,0.005240092,0.005758999999898151,142749312,0.0,0.0,19121950720,29712605184,1,153,428
near_B900000_W360000,zero,3,0.00489048,0.005423999999948137,142749312,0.0,0.0,19121950720,29712605184,1,153,428
near_B900000_W360000,fine,3,0.005173858,0.005726000000095155,142749360,0.0,0.0,19121950720,29712605184,1,153,428
near_B900000_W360000,fixed,3,0.009565255,0.010475999999925989,228436656,0.0,0.0,19122282496,29712605184,1,430,630
near_B900000_W900000,zero,0,0.00626276,0.006685999999945125,142749312,0.0,0.0,19122302976,29712605184,1,153,428
near_B900000_W900000,fine,0,0.005160936,0.005159999999932552,142780888,0.0,0.0,19122302976,29712605184,1,283,587
near_B900000_W900000,fixed,0,0.017501204,0.020058999999946536,228453032,0.0,0.0,19140141056,29712605184,1,518,752
near_B900000_W900000,fixed,1,0.009065367,0.008980999999948835,228453032,0.0,0.0,19140141056,29712605184,1,518,752
near_B900000_W900000,zero,1,0.005869574,0.006105999999817868,142749312,0.0,0.0,19140141056,29712605184,1,153,428
near_B900000_W900000,fine,1,0.006023405,0.006484000000000378,142780888,0.0,0.0,19140141056,29712605184,1,283,587
near_B900000_W900000,fine,2,0.005600837,0.006215999999994892,142780888,0.0,0.0,19140141056,29712605184,1,283,587
near_B900000_W900000,fixed,2,0.008033104,0.007992999999942185,228453032,0.0,0.0,19140141056,29712605184,1,518,752
near_B900000_W900000,zero,2,0.006371038,0.0063760000000456785,142749312,0.0,0.0,19140141056,29712605184,1,153,428
near_B900000_W900000,zero,3,0.006545139,0.0066520000000309665,142749312,0.0,0.0,19140141056,29712605184,1,153,428
near_B900000_W900000,fine,3,0.00621596,0.006317000000080952,142780888,0.0,0.0,19140141056,29712605184,1,283,587
near_B900000_W900000,fixed,3,0.01158036,0.015687999999954627,228453032,0.0,0.0,19140141056,29712605184,1,518,752
near_B1800000_W180000,zero,0,0.005783889,0.006099999999833017,142782776,0.0,0.0,19140141056,29712605184,1,467,2633
near_B1800000_W180000,fine,0,0.005436288,0.0061619999999038555,142782824,0.0,0.0,19140141056,29712605184,1,467,2633
near_B1800000_W180000,fixed,0,0.009443535,0.011209999999891807,228458272,0.0,0.0,19140141056,29712605184,1,1450,3254
near_B1800000_W180000,fixed,1,0.00817272,0.007967000000007829,228458272,0.0,0.0,19140141056,29712605184,1,1450,3254
near_B1800000_W180000,zero,1,0.00529333,0.00574800000003961,142782776,0.0,0.0,19140145152,29712605184,1,467,2633
near_B1800000_W180000,fine,1,0.005397429,0.005730999999968844,142782824,0.0,0.0,19140145152,29712605184,1,467,2633
near_B1800000_W180000,fine,2,0.00523091,0.005801999999903273,142782824,0.0,0.0,19140145152,29712605184,1,467,2633
near_B1800000_W180000,fixed,2,0.009108311,0.010217000000011467,228458272,0.0,0.0,19140145152,29712605184,1,1450,3254
near_B1800000_W180000,zero,2,0.005855265,0.006664999999884458,142782776,0.0,0.0,19140145152,29712605184,1,467,2633
near_B1800000_W180000,zero,3,0.005385491,0.0057809999998426065,142782776,0.0,0.0,19140145152,29712605184,1,467,2633
near_B1800000_W180000,fine,3,0.005366117,0.0057150000000092405,142782824,0.0,0.0,19140145152,29712605184,1,467,2633
near_B1800000_W180000,fixed,3,0.009820837,0.010929000000032829,228458272,0.0,0.0,19140145152,29712605184,1,1450,3254
near_B1800000_W360000,zero,0,0.005463083,0.005756000000019412,142782776,0.0,0.0,19140145152,29712605184,1,467,2633
near_B1800000_W360000,fine,0,0.005410175,0.005738000000064858,142782824,0.0,0.0,19140145152,29712605184,1,467,2633
near_B1800000_W360000,fixed,0,0.007883429,0.009547999999995227,228460736,0.0,0.0,19140145152,29712605184,1,1450,3254
near_B1800000_W360000,fixed,1,0.008236673,0.010526999999910913,228460736,0.0,0.0,19140145152,29712605184,1,1450,3254
near_B1800000_W360000,zero,1,0.005311143,0.005765999999994165,142782776,0.0,0.0,19140145152,29712605184,1,467,2633
near_B1800000_W360000,fine,1,0.005330434,0.0057859999999436695,142782824,0.0,0.0,19140145152,29712605184,1,467,2633
near_B1800000_W360000,fine,2,0.00571976,0.006118999999898733,142782824,0.0,0.0,19140145152,29712605184,1,467,2633
near_B1800000_W360000,fixed,2,0.008891898,0.009355000000141445,228460736,0.0,0.0,19140145152,29712605184,1,1450,3254
near_B1800000_W360000,zero,2,0.005437662,0.005875999999943815,142782776,0.0,0.0,19140145152,29712605184,1,467,2633
near_B1800000_W360000,zero,3,0.005020411,0.0055370000000039,142782776,0.0,0.0,19140145152,29712605184,1,467,2633
near_B1800000_W360000,fine,3,0.005405992,0.005875000000060027,142782824,0.0,0.0,19140145152,29712605184,1,467,2633
near_B1800000_W360000,fixed,3,0.008259394,0.00874999999996362,228460736,0.0,0.0,19140145152,29712605184,1,1450,3254
near_B1800000_W900000,zero,0,0.005423636,0.006023999999797525,142782776,0.0,0.0,19140145152,29712605184,1,467,2633
near_B1800000_W900000,fine,0,0.006058629,0.00623900000005051,142882408,0.0,0.0,19140153344,29712605184,1,899,4223
near_B1800000_W900000,fixed,0,0.00887045,0.008982000000059998,228476064,0.0,0.0,19140153344,29712605184,1,1823,3760
near_B1800000_W900000,fixed,1,0.01176868,0.012216000000080385,228476064,0.0,0.0,19140153344,29712605184,1,1823,3760
near_B1800000_W900000,zero,1,0.005326679,0.00578799999993862,142782776,0.0,0.0,19140153344,29712605184,1,467,2633
near_B1800000_W900000,fine,1,0.00585271,0.005838999999923544,142882408,0.0,0.0,19140153344,29712605184,1,899,4223
near_B1800000_W900000,fine,2,0.006049713,0.006676999999854161,142882408,0.0,0.0,19140165632,29712605184,1,899,4223
near_B1800000_W900000,fixed,2,0.008897122,0.011042000000088592,228476064,0.0,0.0,19140165632,29712605184,1,1823,3760
near_B1800000_W900000,zero,2,0.007026214,0.007157000000006519,142782776,0.0,0.0,19140165632,29712605184,1,467,2633
near_B1800000_W900000,zero,3,0.005734709,0.005943999999999505,142782776,0.0,0.0,19140165632,29712605184,1,467,2633
near_B1800000_W900000,fine,3,0.005781463,0.00596199999995406,142882408,0.0,0.0,19140165632,29712605184,1,899,4223
near_B1800000_W900000,fixed,3,0.009480937,0.011319999999841457,228476064,0.0,0.0,19140165632,29712605184,1,1823,3760
near_B3600000_W180000,zero,0,0.005685707,0.006163000000015018,142802600,0.0,0.0,19140165632,29712605184,1,1467,15755
near_B3600000_W180000,fine,0,0.00647138,0.006386999999904219,142802648,0.0,0.0,19140165632,29712605184,1,1467,15755
near_B3600000_W180000,fixed,0,0.009123137,0.008535000000165383,228549360,0.0,0.0,19140165632,29712605184,1,4136,14844
near_B3600000_W180000,fixed,1,0.009569924,0.009422999999969761,228549360,0.0,0.0,19140165632,29712605184,1,4136,14844
near_B3600000_W180000,zero,1,0.006737169,0.006370999999944615,142802600,0.0,0.0,19140165632,29712605184,1,1467,15755
near_B3600000_W180000,fine,1,0.006021442,0.006228999999848384,142802648,0.0,0.0,19140169728,29712605184,1,1467,15755
near_B3600000_W180000,fine,2,0.005778572,0.005551999999852342,142802648,0.0,0.0,19140169728,29712605184,1,1467,15755
near_B3600000_W180000,fixed,2,0.009903958,0.01185299999997369,228549360,0.0,0.0,19140169728,29712605184,1,4136,14844
near_B3600000_W180000,zero,2,0.006145066,0.005939000000125816,142802600,0.0,0.0,19140169728,29712605184,1,1467,15755
near_B3600000_W180000,zero,3,0.005721056,0.006084999999984575,142802600,0.0,0.0,19140169728,29712605184,1,1467,15755
near_B3600000_W180000,fine,3,0.007310171,0.007757000000083281,142802648,0.0,0.0,19140169728,29712605184,1,1467,15755
near_B3600000_W180000,fixed,3,0.011721362,0.012071000000105414,228549360,0.0,0.0,19140169728,29712605184,1,4136,14844
near_B3600000_W360000,zero,0,0.005918435,0.0058070000000043365,142802600,0.0,0.0,19140169728,29712605184,1,1467,15755
near_B3600000_W360000,fine,0,0.007634524,0.008246999999983018,142802648,0.0,0.0,19140169728,29712605184,1,1467,15755
near_B3600000_W360000,fixed,0,0.013586439,0.01815800000008494,228551824,0.0,0.0,19140169728,29712605184,1,4136,14844
near_B3600000_W360000,fixed,1,0.009789682,0.013592000000016924,228551824,0.0,0.0,19140169728,29712605184,1,4136,14844
near_B3600000_W360000,zero,1,0.008002755,0.008334000000104425,142802600,0.0,0.0,19140169728,29712605184,1,1467,15755
near_B3600000_W360000,fine,1,0.006030224,0.0063589999999749125,142802648,0.0,0.0,19140169728,29712605184,1,1467,15755
near_B3600000_W360000,fine,2,0.006398669,0.007145000000036816,142802648,0.0,0.0,19140169728,29712605184,1,1467,15755
near_B3600000_W360000,fixed,2,0.009012603,0.008029999999962456,228551824,0.0,0.0,19140169728,29712605184,1,4136,14844
near_B3600000_W360000,zero,2,0.00964014,0.0077509999998710555,142802600,0.0,0.0,19140173824,29712605184,1,1467,15755
near_B3600000_W360000,zero,3,0.006272334,0.005908999999974185,142802600,0.0,0.0,19140173824,29712605184,1,1467,15755
near_B3600000_W360000,fine,3,0.005734635,0.005559999999832144,142802648,0.0,0.0,19140173824,29712605184,1,1467,15755
near_B3600000_W360000,fixed,3,0.016109785,0.01760300000000825,228551824,0.0,0.0,19140173824,29712605184,1,4136,14844
near_B3600000_W900000,zero,0,0.010523711,0.010555999999951382,142802600,0.0,0.0,19140173824,29712605184,1,1467,15755
near_B3600000_W900000,fine,0,0.008578058,0.008642999999892709,142997040,0.0,0.0,19140173824,29712605184,1,3018,29781
near_B3600000_W900000,fixed,0,0.014970954,0.015362999999979365,228573672,0.0,0.0,19140173824,29712605184,1,5336,17288
near_B3600000_W900000,fixed,1,0.01264272,0.012347000000090702,228573672,0.0,0.0,19140173824,29712605184,1,5336,17288
near_B3600000_W900000,zero,1,0.008537445,0.008583000000044194,142802600,0.0,0.0,19140173824,29712605184,1,1467,15755
near_B3600000_W900000,fine,1,0.010143816,0.009471000000075946,142997040,0.0,0.0,19140173824,29712605184,1,3018,29781
near_B3600000_W900000,fine,2,0.009138817,0.008849999999938518,142997040,0.0,0.0,19140173824,29712605184,1,3018,29781
near_B3600000_W900000,fixed,2,0.017342626,0.012594000000035521,228573672,0.0,0.0,19140173824,29712605184,1,5336,17288
near_B3600000_W900000,zero,2,0.007519659,0.007609999999885986,142802600,0.0,0.0,19140173824,29712605184,1,1467,15755
near_B3600000_W900000,zero,3,0.006643248,0.006124999999883585,142802600,0.0,0.0,19140173824,29712605184,1,1467,15755
near_B3600000_W900000,fine,3,0.009875898,0.008148000000119282,142997040,0.0,0.0,19140173824,29712605184,1,3018,29781
near_B3600000_W900000,fixed,3,0.01693734,0.01763899999991736,228573672,0.0,0.0,19140173824,29712605184,1,5336,17288
moved_B900000_W180000,zero,0,0.00592177,0.0066259999998692365,142749312,0.0,0.0,19140173824,29712605184,1,127,320
moved_B900000_W180000,fine,0,0.005435114,0.0057110000000193395,142749360,0.0,0.0,19140173824,29712605184,1,127,320
moved_B900000_W180000,fixed,0,0.008765342,0.00839300000006915,228431976,0.0,0.0,19140173824,29712605184,1,294,426
moved_B900000_W180000,fixed,1,0.00734373,0.007677999999941676,228431976,0.0,0.0,19140173824,29712605184,1,294,426
moved_B900000_W180000,zero,1,0.004810234,0.005411999999978434,142749312,0.0,0.0,19140173824,29712605184,1,127,320
moved_B900000_W180000,fine,1,0.005093352,0.005675999999994019,142749360,0.0,0.0,19140173824,29712605184,1,127,320
moved_B900000_W180000,fine,2,0.004904024,0.005640999999968699,142749360,0.0,0.0,19140173824,29712605184,1,127,320
moved_B900000_W180000,fixed,2,0.009479838,0.009270999999898777,228431976,0.0,0.0,19140173824,29712605184,1,294,426
moved_B900000_W180000,zero,2,0.005118002,0.00536099999999351,142749312,0.0,0.0,19140173824,29712605184,1,127,320
moved_B900000_W180000,zero,3,0.005302006,0.005933999999797379,142749312,0.0,0.0,19140173824,29712605184,1,127,320
moved_B900000_W180000,fine,3,0.005816269,0.00575499999990825,142749360,0.0,0.0,19140173824,29712605184,1,127,320
moved_B900000_W180000,fixed,3,0.007673091,0.00755099999992126,228431976,0.0,0.0,19140173824,29712605184,1,294,426
moved_B900000_W360000,zero,0,0.004893993,0.00549500000010994,142749312,0.0,0.0,19140173824,29712605184,1,127,320
moved_B900000_W360000,fine,0,0.005155433,0.005497999999988679,142749360,0.0,0.0,19140173824,29712605184,1,127,320
moved_B900000_W360000,fixed,0,0.008432504,0.01066099999979997,228434440,0.0,0.0,19140173824,29712605184,1,294,426
moved_B900000_W360000,fixed,1,0.008399358,0.012744999999995343,228434440,0.0,0.0,19140173824,29712605184,1,294,426
moved_B900000_W360000,zero,1,0.005706346,0.006217999999989843,142749312,0.0,0.0,19140173824,29712605184,1,127,320
moved_B900000_W360000,fine,1,0.005294203,0.0058870000000297296,142749360,0.0,0.0,19140173824,29712605184,1,127,320
moved_B900000_W360000,fine,2,0.005523082,0.0061000000000603904,142749360,0.0,0.0,19140173824,29712605184,1,127,320
moved_B900000_W360000,fixed,2,0.010048279,0.011023000000022876,228434440,0.0,0.0,19140173824,29712605184,1,294,426
moved_B900000_W360000,zero,2,0.006010161,0.006120000000009895,142749312,0.0,0.0,19140173824,29712605184,1,127,320
moved_B900000_W360000,zero,3,0.005482307,0.0057990000000245345,142749312,0.0,0.0,19140173824,29712605184,1,127,320
moved_B900000_W360000,fine,3,0.005330138,0.005676999999877808,142749360,0.0,0.0,19140173824,29712605184,1,127,320
moved_B900000_W360000,fixed,3,0.007731316,0.01012100000002647,228434440,0.0,0.0,19140173824,29712605184,1,294,426
moved_B900000_W900000,zero,0,0.005073797,0.005607999999938329,142749312,0.0,0.0,19140173824,29712605184,1,127,320
moved_B900000_W900000,fine,0,0.005226285,0.005771000000095228,142780312,0.0,0.0,19140173824,29712605184,1,276,480
moved_B900000_W900000,fixed,0,0.007911279,0.010074999999915235,228450816,0.0,0.0,19140173824,29712605184,1,415,614
moved_B900000_W900000,fixed,1,0.010363331,0.010764000000108354,228450816,0.0,0.0,19140173824,29712605184,1,415,614
moved_B900000_W900000,zero,1,0.00645965,0.0064429999999902066,142749312,0.0,0.0,19140173824,29712605184,1,127,320
moved_B900000_W900000,fine,1,0.00687299,0.006900999999970736,142780312,0.0,0.0,19140173824,29712605184,1,276,480
moved_B900000_W900000,fine,2,0.005593714,0.005853000000115571,142780312,0.0,0.0,19140173824,29712605184,1,276,480
moved_B900000_W900000,fixed,2,0.008639135,0.011532999999872118,228450816,0.0,0.0,19140173824,29712605184,1,415,614
moved_B900000_W900000,zero,2,0.004878162,0.005312000000003536,142749312,0.0,0.0,19140173824,29712605184,1,127,320
moved_B900000_W900000,zero,3,0.005170991,0.0056240000001253065,142749312,0.0,0.0,19140173824,29712605184,1,127,320
moved_B900000_W900000,fine,3,0.005278962,0.005754000000024462,142780312,0.0,0.0,19140173824,29712605184,1,276,480
moved_B900000_W900000,fixed,3,0.008905772,0.014026000000058048,228450816,0.0,0.0,19140173824,29712605184,1,415,614
moved_B1800000_W180000,zero,0,0.005086343,0.0055190000000493455,142782776,0.0,0.0,19140173824,29712605184,1,439,2322
moved_B1800000_W180000,fine,0,0.005947672,0.006395000000111395,142782824,0.0,0.0,19140173824,29712605184,1,439,2322
moved_B1800000_W180000,fixed,0,0.008767635,0.00945000000001528,228457088,0.0,0.0,19140173824,29712605184,1,1244,2588
moved_B1800000_W180000,fixed,1,0.008880427,0.010514000000057422,228457088,0.0,0.0,19140173824,29712605184,1,1244,2588
moved_B1800000_W180000,zero,1,0.005463667,0.00586299999986295,142782776,0.0,0.0,19140173824,29712605184,1,439,2322
moved_B1800000_W180000,fine,1,0.005330237,0.005734000000074957,142782824,0.0,0.0,19140173824,29712605184,1,439,2322
moved_B1800000_W180000,fine,2,0.00541763,0.005762000000004264,142782824,0.0,0.0,19140173824,29712605184,1,439,2322
moved_B1800000_W180000,fixed,2,0.008685546,0.008305000000063956,228457088,0.0,0.0,19140173824,29712605184,1,1244,2588
moved_B1800000_W180000,zero,2,0.005126382,0.005542999999988751,142782776,0.0,0.0,19140173824,29712605184,1,439,2322
moved_B1800000_W180000,zero,3,0.005986743,0.006452999999964959,142782776,0.0,0.0,19140173824,29712605184,1,439,2322
moved_B1800000_W180000,fine,3,0.005165339,0.005562999999938256,142782824,0.0,0.0,19140173824,29712605184,1,439,2322
moved_B1800000_W180000,fixed,3,0.008289897,0.008843999999953667,228457088,0.0,0.0,19140173824,29712605184,1,1244,2588
moved_B1800000_W360000,zero,0,0.005094439,0.00549500000010994,142782776,0.0,0.0,19140173824,29712605184,1,439,2322
moved_B1800000_W360000,fine,0,0.005077263,0.0056019999999534775,142782824,0.0,0.0,19140173824,29712605184,1,439,2322
moved_B1800000_W360000,fixed,0,0.008116073,0.009351999999807958,228459552,0.0,0.0,19140194304,29712605184,1,1244,2588
moved_B1800000_W360000,fixed,1,0.008114921,0.008628000000044267,228459552,0.0,0.0,19140194304,29712605184,1,1244,2588
moved_B1800000_W360000,zero,1,0.005236295,0.005724999999983993,142782776,0.0,0.0,19140194304,29712605184,1,439,2322
moved_B1800000_W360000,fine,1,0.005441748,0.005912999999964086,142782824,0.0,0.0,19140194304,29712605184,1,439,2322
moved_B1800000_W360000,fine,2,0.005461654,0.005846000000019558,142782824,0.0,0.0,19140194304,29712605184,1,439,2322
moved_B1800000_W360000,fixed,2,0.008984898,0.011140999999952328,228459552,0.0,0.0,19140206592,29712605184,1,1244,2588
moved_B1800000_W360000,zero,2,0.006028193,0.006466000000045824,142782776,0.0,0.0,19140206592,29712605184,1,439,2322
moved_B1800000_W360000,zero,3,0.005870801,0.006288999999924272,142782776,0.0,0.0,19140206592,29712605184,1,439,2322
moved_B1800000_W360000,fine,3,0.005663224,0.006191999999828113,142782824,0.0,0.0,19140206592,29712605184,1,439,2322
moved_B1800000_W360000,fixed,3,0.00894168,0.009503999999878943,228459552,0.0,0.0,19140206592,29712605184,1,1244,2588
moved_B1800000_W900000,zero,0,0.005122306,0.005640999999968699,142782776,0.0,0.0,19140206592,29712605184,1,439,2322
moved_B1800000_W900000,fine,0,0.005866758,0.006026000000019849,142880192,0.0,0.0,19140206592,29712605184,1,881,3794
moved_B1800000_W900000,fixed,0,0.008764583,0.008536000000049171,228476064,0.0,0.0,19140206592,29712605184,1,1517,3151
moved_B1800000_W900000,fixed,1,0.00967667,0.01146300000004885,228476064,0.0,0.0,19140206592,29712605184,1,1517,3151
moved_B1800000_W900000,zero,1,0.005488435,0.006044999999858192,142782776,0.0,0.0,19140206592,29712605184,1,439,2322
moved_B1800000_W900000,fine,1,0.006159591,0.0066219999998793355,142880192,0.0,0.0,19140206592,29712605184,1,881,3794
moved_B1800000_W900000,fine,2,0.006159434,0.006049000000075466,142880192,0.0,0.0,19140206592,29712605184,1,881,3794
moved_B1800000_W900000,fixed,2,0.009192223,0.011482999999998356,228476064,0.0,0.0,19140206592,29712605184,1,1517,3151
moved_B1800000_W900000,zero,2,0.005459298,0.0058240000000751024,142782776,0.0,0.0,19140206592,29712605184,1,439,2322
moved_B1800000_W900000,zero,3,0.005170008,0.0056110000000444415,142782776,0.0,0.0,19140206592,29712605184,1,439,2322
moved_B1800000_W900000,fine,3,0.005326798,0.005604000000175802,142880192,0.0,0.0,19140206592,29712605184,1,881,3794
moved_B1800000_W900000,fixed,3,0.008549327,0.010575000000017099,228476064,0.0,0.0,19140206592,29712605184,1,1517,3151
moved_B3600000_W180000,zero,0,0.006367155,0.0058950000000095315,142801416,0.0,0.0,19140206592,29712605184,1,1583,15023
moved_B3600000_W180000,fine,0,0.006178603,0.005838000000039756,142801464,0.0,0.0,19140206592,29712605184,1,1583,15023
moved_B3600000_W180000,fixed,0,0.009715529,0.010637000000087937,228559160,0.0,0.0,19140206592,29712605184,1,4590,13556
moved_B3600000_W180000,fixed,1,0.009574857,0.009253999999828011,228559160,0.0,0.0,19140206592,29712605184,1,4590,13556
moved_B3600000_W180000,zero,1,0.006503409,0.006973000000016327,142801416,0.0,0.0,19140206592,29712605184,1,1583,15023
moved_B3600000_W180000,fine,1,0.006488749,0.0066219999998793355,142801464,0.0,0.0,19140206592,29712605184,1,1583,15023
moved_B3600000_W180000,fine,2,0.006439175,0.006045999999969354,142801464,0.0,0.0,19140206592,29712605184,1,1583,15023
moved_B3600000_W180000,fixed,2,0.00863307,0.009674000000131855,228559160,0.0,0.0,19140206592,29712605184,1,4590,13556
moved_B3600000_W180000,zero,2,0.006728989,0.006302000000005137,142801416,0.0,0.0,19140206592,29712605184,1,1583,15023
moved_B3600000_W180000,zero,3,0.006162984,0.0059689999998226995,142801416,0.0,0.0,19140206592,29712605184,1,1583,15023
moved_B3600000_W180000,fine,3,0.006803408,0.006268999999974767,142801464,0.0,0.0,19140206592,29712605184,1,1583,15023
moved_B3600000_W180000,fixed,3,0.009269804,0.00956899999982852,228559160,0.0,0.0,19140206592,29712605184,1,4590,13556
moved_B3600000_W360000,zero,0,0.005791137,0.0058989999999994325,142801416,0.0,0.0,19140206592,29712605184,1,1583,15023
moved_B3600000_W360000,fine,0,0.006735478,0.006266000000096028,142801464,0.0,0.0,19140206592,29712605184,1,1583,15023
moved_B3600000_W360000,fixed,0,0.01081105,0.012641999999914333,228561624,0.0,0.0,19140206592,29712605184,1,4590,13556
moved_B3600000_W360000,fixed,1,0.009254453,0.008357000000160042,228561624,0.0,0.0,19140206592,29712605184,1,4590,13556
moved_B3600000_W360000,zero,1,0.005862823,0.005976999999802501,142801416,0.0,0.0,19140206592,29712605184,1,1583,15023
moved_B3600000_W360000,fine,1,0.006207959,0.0067429999999149,142801464,0.0,0.0,19140206592,29712605184,1,1583,15023
moved_B3600000_W360000,fine,2,0.006606645,0.006530999999995402,142801464,0.0,0.0,19140206592,29712605184,1,1583,15023
moved_B3600000_W360000,fixed,2,0.009233714,0.008850000000165892,228561624,0.0,0.0,19140206592,29712605184,1,4590,13556
moved_B3600000_W360000,zero,2,0.006437748,0.00585399999999936,142801416,0.0,0.0,19140206592,29712605184,1,1583,15023
moved_B3600000_W360000,zero,3,0.00721013,0.007060000000137734,142801416,0.0,0.0,19140206592,29712605184,1,1583,15023
moved_B3600000_W360000,fine,3,0.006963582,0.006054000000176529,142801464,0.0,0.0,19140206592,29712605184,1,1583,15023
moved_B3600000_W360000,fixed,3,0.008691051,0.007934999999861247,228561624,0.0,0.0,19140214784,29712605184,1,4590,13556
moved_B3600000_W900000,zero,0,0.006146672,0.006264999999984866,142801416,0.0,0.0,19140214784,29712605184,1,1583,15023
moved_B3600000_W900000,fine,0,0.008373424,0.008942000000160988,143001504,0.0,0.0,19140214784,29712605184,1,3165,28535
moved_B3600000_W900000,fixed,0,0.010600461,0.012472999999999956,228573672,0.0,0.0,19140214784,29712605184,1,5145,15796
moved_B3600000_W900000,fixed,1,0.009877439,0.009616999999934706,228573672,0.0,0.0,19140214784,29712605184,1,5145,15796
moved_B3600000_W900000,zero,1,0.005850484,0.005699000000049637,142801416,0.0,0.0,19140214784,29712605184,1,1583,15023
moved_B3600000_W900000,fine,1,0.008280977,0.007953999999926964,143001504,0.0,0.0,19140214784,29712605184,1,3165,28535
moved_B3600000_W900000,fine,2,0.008409534,0.006904000000076849,143001504,0.0,0.0,19140214784,29712605184,1,3165,28535
moved_B3600000_W900000,fixed,2,0.010962908,0.013050999999904889,228573672,0.0,0.0,19140214784,29712605184,1,5145,15796
moved_B3600000_W900000,zero,2,0.006561293,0.006022000000029948,142801416,0.0,0.0,19140214784,29712605184,1,1583,15023
moved_B3600000_W900000,zero,3,0.00637649,0.0063409999997929845,142801416,0.0,0.0,19140227072,29712605184,1,1583,15023
moved_B3600000_W900000,fine,3,0.008372877,0.0075839999999516294,143001504,0.0,0.0,19140247552,29712605184,1,3165,28535
moved_B3600000_W900000,fixed,3,0.010306305,0.010776000000078056,228573672,0.0,0.0,19140247552,29712605184,1,5145,15796
mode_min_union,zero,0,0.006224903,0.006562999999914609,142784992,0.0,0.0,19140247552,29712605184,1,467,2633
mode_min_union,fine,0,0.005598391,0.0059830000000147265,142785040,0.0,0.0,19140247552,29712605184,1,467,2633
mode_min_union,fixed,0,0.00843682,0.008708999999953448,228459552,0.0,0.0,19140247552,29712605184,1,1450,3254
mode_min_union,fixed,1,0.008791558,0.00955999999996493,228459552,0.0,0.0,19140247552,29712605184,1,1450,3254
mode_min_union,zero,1,0.005356758,0.005778999999847656,142784992,0.0,0.0,19140247552,29712605184,1,467,2633
mode_min_union,fine,1,0.005455783,0.005877000000054977,142785040,0.0,0.0,19140247552,29712605184,1,467,2633
mode_min_union,fine,2,0.005725155,0.00652500000001055,142785040,0.0,0.0,19140247552,29712605184,1,467,2633
mode_min_union,fixed,2,0.008164367,0.008792000000084954,228459552,0.0,0.0,19140247552,29712605184,1,1450,3254
mode_min_union,zero,2,0.006243509,0.006685999999945125,142784992,0.0,0.0,19140247552,29712605184,1,467,2633
mode_min_union,zero,3,0.006045831,0.006396999999878972,142784992,0.0,0.0,19140247552,29712605184,1,467,2633
mode_min_union,fine,3,0.005032238,0.0055440000000999134,142785040,0.0,0.0,19140247552,29712605184,1,467,2633
mode_min_union,fixed,3,0.008376562,0.009457999999995081,228459552,0.0,0.0,19140247552,29712605184,1,1450,3254
mode_max_intersection,zero,0,0.005946615,0.006292000000030384,142782776,0.0,0.0,19140247552,29712605184,1,467,2633
mode_max_intersection,fine,0,0.005388156,0.005767999999989115,142782824,0.0,0.0,19140247552,29712605184,1,467,2633
mode_max_intersection,fixed,0,0.008594661,0.010688000000072861,228460736,0.0,0.0,19140247552,29712605184,1,1450,3254
mode_max_intersection,fixed,1,0.009298496,0.01111399999990681,228460736,0.0,0.0,19140247552,29712605184,1,1450,3254
mode_max_intersection,zero,1,0.005539488,0.006196000000045387,142782776,0.0,0.0,19140247552,29712605184,1,467,2633
mode_max_intersection,fine,1,0.005171958,0.00560300000006464,142782824,0.0,0.0,19140247552,29712605184,1,467,2633
mode_max_intersection,fine,2,0.005952698,0.006171999999878608,142782824,0.0,0.0,19140247552,29712605184,1,467,2633
mode_max_intersection,fixed,2,0.007813702,0.009675000000015643,228460736,0.0,0.0,19140247552,29712605184,1,1450,3254
mode_max_intersection,zero,2,0.005865412,0.006221999999979744,142782776,0.0,0.0,19140247552,29712605184,1,467,2633
mode_max_intersection,zero,3,0.005956867,0.006104000000050291,142782776,0.0,0.0,19140247552,29712605184,1,467,2633
mode_max_intersection,fine,3,0.005595155,0.005969000000050073,142782824,0.0,0.0,19140247552,29712605184,1,467,2633
mode_max_intersection,fixed,3,0.008547677,0.009547999999995227,228460736,0.0,0.0,19140247552,29712605184,1,1450,3254
mode_diff_intersection,zero,0,0.005520334,0.00610499999993408,142782776,0.0,0.0,19140247552,29712605184,1,467,2633
mode_diff_intersection,fine,0,0.005538102,0.006223999999974694,142782824,0.0,0.0,19140247552,29712605184,1,467,2633
mode_diff_intersection,fixed,0,0.008650679,0.009405000000015207,228460736,0.0,0.0,19140247552,29712605184,1,1450,3254
mode_diff_intersection,fixed,1,0.008166407,0.009951000000000931,228460736,0.0,0.0,19140247552,29712605184,1,1450,3254
mode_diff_intersection,zero,1,0.005111012,0.005583999999998923,142782776,0.0,0.0,19140247552,29712605184,1,467,2633
mode_diff_intersection,fine,1,0.005478984,0.005871000000070126,142782824,0.0,0.0,19140247552,29712605184,1,467,2633
mode_diff_intersection,fine,2,0.005286237,0.005714000000125452,142782824,0.0,0.0,19140247552,29712605184,1,467,2633
mode_diff_intersection,fixed,2,0.008338609,0.010579999999890788,228460736,0.0,0.0,19140247552,29712605184,1,1450,3254
mode_diff_intersection,zero,2,0.005234473,0.0056240000001253065,142782776,0.0,0.0,19140247552,29712605184,1,467,2633
mode_diff_intersection,zero,3,0.005252711,0.005939000000125816,142782776,0.0,0.0,19140247552,29712605184,1,467,2633
mode_diff_intersection,fine,3,0.005534479,0.005728999999973894,142782824,0.0,0.0,19140247552,29712605184,1,467,2633
mode_diff_intersection,fixed,3,0.007731803,0.007744000000002416,228460736,0.0,0.0,19140247552,29712605184,1,1450,3254
mode_diff_union,zero,0,0.005084529,0.0055230000000392465,142784992,0.0,0.0,19140247552,29712605184,1,467,2633
mode_diff_union,fine,0,0.005575672,0.006321000000070853,142785040,0.0,0.0,19140247552,29712605184,1,467,2633
mode_diff_union,fixed,0,0.008581944,0.010747999999921376,228459552,0.0,0.0,19140247552,29712605184,1,1450,3254
mode_diff_union,fixed,1,0.008955909,0.011656000000130007,228459552,0.0,0.0,19140247552,29712605184,1,1450,3254
mode_diff_union,zero,1,0.005500323,0.006219999999984793,142784992,0.0,0.0,19140247552,29712605184,1,467,2633
mode_diff_union,fine,1,0.005844049,0.006135999999969499,142785040,0.0,0.0,19140247552,29712605184,1,467,2633
mode_diff_union,fine,2,0.005638758,0.006016999999928885,142785040,0.0,0.0,19140247552,29712605184,1,467,2633
mode_diff_union,fixed,2,0.009502845,0.012908000000152242,228459552,0.0,0.0,19140247552,29712605184,1,1450,3254
mode_diff_union,zero,2,0.00520957,0.005871000000070126,142784992,0.0,0.0,19140247552,29712605184,1,467,2633
mode_diff_union,zero,3,0.006545371,0.006890999999995984,142784992,0.0,0.0,19140247552,29712605184,1,467,2633
mode_diff_union,fine,3,0.00553026,0.005985000000009677,142785040,0.0,0.0,19140247552,29712605184,1,467,2633
mode_diff_union,fixed,3,0.008573544,0.009987000000137414,228459552,0.0,0.0,19140247552,29712605184,1,1450,3254
mode_reachable_union,zero,0,0.005372839,0.005981000000019776,142780376,0.0,0.0,19140247552,29712605184,1,467,2633
mode_reachable_union,fine,0,0.005693221,0.005879999999933716,142780424,0.0,0.0,19140247552,29712605184,1,467,2633
mode_reachable_union,fixed,0,0.008334678,0.00882099999989805,228456120,0.0,0.0,19140247552,29712605184,1,1450,3254
mode_reachable_union,fixed,1,0.008273569,0.008260000000063883,228456120,0.0,0.0,19140247552,29712605184,1,1450,3254
mode_reachable_union,zero,1,0.005355922,0.0057189999999991414,142780376,0.0,0.0,19140247552,29712605184,1,467,2633
mode_reachable_union,fine,1,0.00578362,0.006094999999959327,142780424,0.0,0.0,19140247552,29712605184,1,467,2633
mode_reachable_union,fine,2,0.00504489,0.005485999999791602,142780424,0.0,0.0,19140247552,29712605184,1,467,2633
mode_reachable_union,fixed,2,0.008265244,0.007456999999931213,228456120,0.0,0.0,19140247552,29712605184,1,1450,3254
mode_reachable_union,zero,2,0.005447288,0.0059210000001712615,142780376,0.0,0.0,19140247552,29712605184,1,467,2633
mode_reachable_union,zero,3,0.005418252,0.006167999999888707,142780376,0.0,0.0,19140247552,29712605184,1,467,2633
mode_reachable_union,fine,3,0.005602717,0.005979000000024826,142780424,0.0,0.0,19140247552,29712605184,1,467,2633
mode_reachable_union,fixed,3,0.007818781,0.007644999999911306,228456120,0.0,0.0,19140247552,29712605184,1,1450,3254
Paris_dense,zero,0,5.214349805,35.240686000000096,5015890488,0.0,0.0,22824415232,29712605184,8,28145119,79007388
Paris_dense,fine,0,20.825645521,144.907467,5076889928,0.159475295,0.0,27456040960,29712605184,8,71800130,194066727
Paris_dense,fixed,0,17.880705262,123.94472400000018,5969656888,0.360763641,0.0,22944768000,29712605184,8,74665464,204707284
Paris_dense,fixed,1,18.603949499,127.14868300000012,5969661784,0.560517744,0.0,22722924544,29712605184,8,74665464,204707284
Paris_dense,zero,1,6.133490068,38.36142700000005,5015903720,0.337599175,0.0,27476897792,29712605184,8,28145119,79007388
Paris_dense,fine,1,20.87043744,143.743518,5078279632,0.0,0.0,27537461248,29712605184,8,71800130,194066727
Paris_dense,fine,2,21.346233402,143.65768400000002,5076778624,0.0,0.0,27476897792,29712605184,8,71800130,194066727
Paris_dense,fixed,2,18.439573846,124.46742700000004,5969662472,0.0,0.0,27614851072,29712605184,8,74665464,204707284
Paris_dense,zero,2,5.830997587,36.14574799999991,5016292520,0.0,0.0,27488083968,29712605184,8,28145119,79007388
Paris_dense,zero,3,5.819342082,36.00749799999994,5015845120,0.0,0.0,27548672000,29712605184,8,28145119,79007388
Paris_dense,fine,3,21.785595806,144.55348999999978,5078168760,0.0,0.0,27494006784,29712605184,8,71800130,194066727
Paris_dense,fixed,3,18.558681567,123.98128499999984,5969663160,0.0,0.0,27626860544,29712605184,8,74665464,204707284
