city,res,origins,departure,budget,samples,mode,exclude,variant,pair,wall_s,cpu_s,bytes,gc_s,compile_s,rss,expansions
Vienna,7,127,28800000,10800000,4,mean_intersection,false,fine,0,1.266965357,2.4301579999999916,129036872,0.0,2.209395095,4587003904,3785567
Vienna,7,127,28800000,10800000,4,mean_intersection,false,free,0,0.161373737,0.22341299999999364,17768432,0.0,0.206711521,4576616448,1996193
Vienna,7,127,28800000,10800000,4,mean_intersection,false,zero,0,1.633543737,3.132952000000003,47793776,0.0,0.657938381,4597694464,2027025
Vienna,7,127,28800000,10800000,4,mean_intersection,false,walking,0,0.677432442,1.3152860000000004,25955336,0.0,0.0,4610109440,1008569
Vienna,7,127,28800000,10800000,4,mean_intersection,false,independent,0,0.855098749,1.6554949999999877,25956680,0.0,0.0,4610355200,1526218
Vienna,7,127,28800000,10800000,4,mean_intersection,false,independent,1,0.854011882,1.6798339999999996,25956680,0.0,0.0,4612902912,1526218
Vienna,7,127,28800000,10800000,4,mean_intersection,false,fine,1,0.208983016,0.33835200000000043,33591952,0.0,0.0,4615577600,3785567
Vienna,7,127,28800000,10800000,4,mean_intersection,false,free,1,0.067482543,0.10507099999999525,15928728,0.0,0.0,4618403840,1996193
Vienna,7,127,28800000,10800000,4,mean_intersection,false,zero,1,1.3224594,2.5930390000000045,35397160,0.0,0.0,4629262336,2027025
Vienna,7,127,28800000,10800000,4,mean_intersection,false,walking,1,0.702529215,1.333020999999988,25955336,0.0,0.0,4630138880,1008569
Vienna,7,127,28800000,10800000,4,mean_intersection,false,walking,2,0.685798338,1.3108339999999998,25955336,0.0,0.0,4631433216,1008569
Vienna,7,127,28800000,10800000,4,mean_intersection,false,independent,2,0.881304889,1.6730600000000067,25956680,0.0,0.0,4637134848,1526218
Vienna,7,127,28800000,10800000,4,mean_intersection,false,fine,2,0.154774408,0.2875529999999884,33591952,0.0,0.0,4638777344,3785567
Vienna,7,127,28800000,10800000,4,mean_intersection,false,free,2,0.049117631,0.08330799999998817,15928728,0.0,0.0,4639252480,1996193
Vienna,7,127,28800000,10800000,4,mean_intersection,false,zero,2,1.283258752,2.5468779999999924,35397160,0.0,0.0,4648128512,2027025
Vienna,7,127,28800000,10800000,4,mean_intersection,false,zero,3,1.323505749,2.5984260000000035,35397160,0.0,0.0,4667879424,2027025
Vienna,7,127,28800000,10800000,4,mean_intersection,false,walking,3,0.688979676,1.324676999999994,25955336,0.0,0.0,4575473664,1008569
Vienna,7,127,28800000,10800000,4,mean_intersection,false,independent,3,0.854899796,1.6468969999999956,25956680,0.0,0.0,4579549184,1526218
Vienna,7,127,28800000,10800000,4,mean_intersection,false,fine,3,0.172483418,0.31460500000000025,33591952,0.0,0.0,4581249024,3785567
Vienna,7,127,28800000,10800000,4,mean_intersection,false,free,3,0.059686962,0.10468699999999842,15928728,0.0,0.0,4581572608,1996193
Vienna,7,127,28800000,10800000,96,mean_intersection,false,fine,0,2.859127074,5.569552999999999,35343496,0.0,0.0,4639055872,64846166
Vienna,7,127,28800000,10800000,96,mean_intersection,false,free,0,0.862730525,1.7080689999999947,16850456,0.0,0.0,4640043008,30195362
Vienna,7,127,28800000,10800000,96,mean_intersection,false,walking,0,12.659469677,24.291219999999996,30730200,0.0,0.0,4644687872,16973097
Vienna,7,127,28800000,10800000,96,mean_intersection,false,walking,1,12.617298577,24.22649899999999,30730200,0.0,0.0,4649242624,16973097
Vienna,7,127,28800000,10800000,96,mean_intersection,false,fine,1,2.882496061,5.620815000000022,35343496,0.0,0.0,4649721856,64846166
Vienna,7,127,28800000,10800000,96,mean_intersection,false,free,1,0.894971087,1.7297790000000077,16850456,0.0,0.0,4650078208,30195362
Vienna,7,127,28800000,10800000,96,mean_intersection,false,free,2,0.85515162,1.6873520000000042,16850456,0.0,0.0,4650496000,30195362
Vienna,7,127,28800000,10800000,96,mean_intersection,false,walking,2,11.545494869,22.27842800000002,30730200,0.0,0.0,4651757568,16973097
Vienna,7,127,28800000,10800000,96,mean_intersection,false,fine,2,2.639116679,5.0955160000000035,35343496,0.0,0.0,4652253184,64846166
Vienna,7,127,28800000,10800000,96,mean_intersection,false,fine,3,2.681189705,5.223970000000008,35343496,0.0,0.0,4652400640,64846166
Vienna,7,127,28800000,10800000,96,mean_intersection,false,free,3,0.797810403,1.571364999999986,16850456,0.0,0.0,4652650496,30195362
Vienna,7,127,28800000,10800000,96,mean_intersection,false,walking,3,11.848014564,22.65462500000001,30730200,0.0,0.0,4655505408,16973097
Vienna,6,127,28800000,10800000,4,mean_intersection,false,fine,0,0.141545471,0.2741320000000087,33591952,0.0,0.0,5016346624,3785567
Vienna,6,127,28800000,10800000,4,mean_intersection,false,free,0,0.024276133,0.045313000000021475,8019928,0.0,0.0,5016354816,664274
Vienna,6,127,28800000,10800000,4,mean_intersection,false,zero,0,0.93116472,1.8211860000000115,32166872,0.0,0.0,5016584192,685123
Vienna,6,127,28800000,10800000,4,mean_intersection,false,walking,0,0.311811597,0.6042070000000308,18441704,0.0,0.0,5016907776,268432
Vienna,6,127,28800000,10800000,4,mean_intersection,false,independent,0,0.371824547,0.6744370000000117,18460008,0.0,0.0,5016915968,377725
Vienna,6,127,28800000,10800000,4,mean_intersection,false,independent,1,0.362955016,0.6858090000000061,18460008,0.0,0.0,5016915968,377725
Vienna,6,127,28800000,10800000,4,mean_intersection,false,fine,1,0.14491166,0.2821169999999711,33591952,0.0,0.0,5016920064,3785567
Vienna,6,127,28800000,10800000,4,mean_intersection,false,free,1,0.027820437,0.05229100000002518,8019928,0.0,0.0,4979187712,664274
Vienna,6,127,28800000,10800000,4,mean_intersection,false,zero,1,0.954102954,1.8801170000000411,32166872,0.0,0.0,4979167232,685123
Vienna,6,127,28800000,10800000,4,mean_intersection,false,walking,1,0.2965037,0.5691879999999969,18441704,0.0,0.0,4952989696,268432
Vienna,6,127,28800000,10800000,4,mean_intersection,false,walking,2,0.341601851,0.6336800000000267,18441704,0.0,0.0,4953051136,268432
Vienna,6,127,28800000,10800000,4,mean_intersection,false,independent,2,0.374780884,0.694279999999992,18460008,0.0,0.0,4953051136,377725
Vienna,6,127,28800000,10800000,4,mean_intersection,false,fine,2,0.176771434,0.31608300000004874,33591952,0.0,0.0,4953157632,3785567
Vienna,6,127,28800000,10800000,4,mean_intersection,false,free,2,0.027711976,0.05248299999999517,8019928,0.0,0.0,4953141248,664274
Vienna,6,127,28800000,10800000,4,mean_intersection,false,zero,2,0.972444482,1.8617419999999925,32166872,0.0,0.0,4953157632,685123
Vienna,6,127,28800000,10800000,4,mean_intersection,false,zero,3,0.957093853,1.866940999999997,32166872,0.0,0.0,4953411584,685123
Vienna,6,127,28800000,10800000,4,mean_intersection,false,walking,3,0.314195481,0.5961680000000342,18441704,0.0,0.0,4953407488,268432
Vienna,6,127,28800000,10800000,4,mean_intersection,false,independent,3,0.442625089,0.7575610000000097,18460008,0.0,0.0,4953407488,377725
Vienna,6,127,28800000,10800000,4,mean_intersection,false,fine,3,0.171983792,0.30555799999996225,33591952,0.0,0.0,4953407488,3785567
Vienna,6,127,28800000,10800000,4,mean_intersection,false,free,3,0.021090594,0.038115000000004784,8019928,0.0,0.0,4953411584,664274
Vienna,6,127,28800000,10800000,96,mean_intersection,false,fine,0,2.773952836,5.427826999999979,35343496,0.0,0.0,4878323712,64846166
Vienna,6,127,28800000,10800000,96,mean_intersection,false,free,0,0.361724324,0.712206999999978,8349080,0.0,0.0,4878323712,10666728
Vienna,6,127,28800000,10800000,96,mean_intersection,false,walking,0,5.868463597,11.244181000000026,23405792,0.0,0.0,4878360576,4575268
Vienna,6,127,28800000,10800000,96,mean_intersection,false,walking,1,6.05846291,11.406595999999979,23405792,0.0,0.0,4878487552,4575268
Vienna,6,127,28800000,10800000,96,mean_intersection,false,fine,1,2.841172035,5.528044000000023,35343496,0.0,0.0,4878614528,64846166
Vienna,6,127,28800000,10800000,96,mean_intersection,false,free,1,0.386665575,0.7541460000000484,8349080,0.0,0.0,4878614528,10666728
Vienna,6,127,28800000,10800000,96,mean_intersection,false,free,2,0.383916285,0.7512330000000134,8349080,0.0,0.0,4878614528,10666728
Vienna,6,127,28800000,10800000,96,mean_intersection,false,walking,2,6.023734723,11.55582800000002,23405792,0.0,0.0,4878614528,4575268
Vienna,6,127,28800000,10800000,96,mean_intersection,false,fine,2,2.676274136,5.2936260000000175,35343496,0.0,0.0,4878954496,64846166
Vienna,6,127,28800000,10800000,96,mean_intersection,false,fine,3,2.532718299,5.0186219999999935,35343496,0.0,0.0,4879343616,64846166
Vienna,6,127,28800000,10800000,96,mean_intersection,false,free,3,0.31397948,0.6224169999999845,8349080,0.0,0.0,4879347712,10666728
Vienna,6,127,28800000,10800000,96,mean_intersection,false,walking,3,5.470323845,10.290057000000047,23405792,0.0,0.0,4879441920,4575268
Salzburg,7,127,28800000,10800000,4,mean_intersection,false,fine,0,0.089554436,0.16637899999994943,30357536,0.0,0.0,4985438208,2495034
Salzburg,7,127,28800000,10800000,4,mean_intersection,false,free,0,0.031338529,0.05960299999998142,14608728,0.0,0.0,4985438208,1264091
Salzburg,7,127,28800000,10800000,4,mean_intersection,false,zero,0,0.767506414,1.5212740000000053,30151512,0.0,0.0,4985438208,1284020
Salzburg,7,127,28800000,10800000,4,mean_intersection,false,walking,0,0.304755588,0.5989079999999944,22799688,0.0,0.0,4985438208,566585
Salzburg,7,127,28800000,10800000,4,mean_intersection,false,independent,0,0.440016839,0.8483699999999885,22804872,0.0,0.0,4985438208,911115
Salzburg,7,127,28800000,10800000,4,mean_intersection,false,independent,1,0.41901928,0.8238949999999932,22804872,0.0,0.0,4985438208,911115
Salzburg,7,127,28800000,10800000,4,mean_intersection,false,fine,1,0.080526538,0.15145200000000614,30357536,0.0,0.0,4985536512,2495034
Salzburg,7,127,28800000,10800000,4,mean_intersection,false,free,1,0.032162912,0.06354399999997895,14608728,0.0,0.0,4985536512,1264091
Salzburg,7,127,28800000,10800000,4,mean_intersection,false,zero,1,0.782754935,1.5356069999999704,30151512,0.0,0.0,4985536512,1284020
Salzburg,7,127,28800000,10800000,4,mean_intersection,false,walking,1,0.314338869,0.6102070000000026,22799688,0.0,0.0,4985536512,566585
Salzburg,7,127,28800000,10800000,4,mean_intersection,false,walking,2,0.3068649,0.6086449999999672,22799688,0.0,0.0,4985536512,566585
Salzburg,7,127,28800000,10800000,4,mean_intersection,false,independent,2,0.44920042,0.859410999999966,22804872,0.0,0.0,4985536512,911115
Salzburg,7,127,28800000,10800000,4,mean_intersection,false,fine,2,0.097217321,0.1793140000000335,30357536,0.0,0.0,4985536512,2495034
Salzburg,7,127,28800000,10800000,4,mean_intersection,false,free,2,0.031929265,0.061496000000033746,14608728,0.0,0.0,4905975808,1264091
Salzburg,7,127,28800000,10800000,4,mean_intersection,false,zero,2,0.794929396,1.571533000000045,30151512,0.0,0.0,4905959424,1284020
Salzburg,7,127,28800000,10800000,4,mean_intersection,false,zero,3,0.796874268,1.561503000000016,30151512,0.0,0.0,4905959424,1284020
Salzburg,7,127,28800000,10800000,4,mean_intersection,false,walking,3,0.316293491,0.6213669999999638,22799688,0.0,0.0,4905943040,566585
Salzburg,7,127,28800000,10800000,4,mean_intersection,false,independent,3,0.417496218,0.8313909999999964,22804872,0.0,0.0,4905943040,911115
Salzburg,7,127,28800000,10800000,4,mean_intersection,false,fine,3,0.099172734,0.1810029999999756,30357536,0.0,0.0,4905943040,2495034
Salzburg,7,127,28800000,10800000,4,mean_intersection,false,free,3,0.035902055,0.06582600000001548,14608728,0.0,0.0,4905943040,1264091
Salzburg,7,127,28800000,10800000,96,mean_intersection,false,fine,0,1.594960944,3.069692000000032,31123952,0.0,0.0,4754665472,38239550
Salzburg,7,127,28800000,10800000,96,mean_intersection,false,free,0,0.578891325,1.1445300000000316,15606808,0.0,0.0,4754665472,18984935
Salzburg,7,127,28800000,10800000,96,mean_intersection,false,walking,0,5.189486802,10.338011999999992,26222344,0.0,0.0,4754673664,8936457
Salzburg,7,127,28800000,10800000,96,mean_intersection,false,walking,1,5.346790838,10.556843999999955,26222344,0.0,0.0,4754673664,8936457
Salzburg,7,127,28800000,10800000,96,mean_intersection,false,fine,1,1.650138429,3.2179570000000126,31123952,0.0,0.0,4754673664,38239550
Salzburg,7,127,28800000,10800000,96,mean_intersection,false,free,1,0.60987173,1.1912280000000237,15606808,0.0,0.0,4754673664,18984935
Salzburg,7,127,28800000,10800000,96,mean_intersection,false,free,2,0.60917327,1.1792760000000158,15606808,0.0,0.0,4754673664,18984935
Salzburg,7,127,28800000,10800000,96,mean_intersection,false,walking,2,5.401688871,10.603365999999994,26222344,0.0,0.0,4754681856,8936457
Salzburg,7,127,28800000,10800000,96,mean_intersection,false,fine,2,1.646978889,3.191919999999982,31123952,0.0,0.0,4754681856,38239550
Salzburg,7,127,28800000,10800000,96,mean_intersection,false,fine,3,1.62594069,3.1293039999999905,31123952,0.0,0.0,4754681856,38239550
Salzburg,7,127,28800000,10800000,96,mean_intersection,false,free,3,0.603609227,1.188017000000002,15606808,0.0,0.0,4754681856,18984935
Salzburg,7,127,28800000,10800000,96,mean_intersection,false,walking,3,5.499226007,10.808635000000038,26222344,0.0,0.0,4754681856,8936457
Salzburg,6,127,28800000,10800000,4,mean_intersection,false,fine,0,0.104990047,0.18857100000002447,30357536,0.0,0.0,4799074304,2495034
Salzburg,6,127,28800000,10800000,4,mean_intersection,false,free,0,0.021699335,0.03310900000008132,7974120,0.0,0.0,4799074304,484629
Salzburg,6,127,28800000,10800000,4,mean_intersection,false,zero,0,0.700783879,1.387491999999952,27986840,0.0,0.0,4799074304,501353
Salzburg,6,127,28800000,10800000,4,mean_intersection,false,walking,0,0.194845823,0.35040399999991223,15465768,0.0,0.0,4799074304,167073
Salzburg,6,127,28800000,10800000,4,mean_intersection,false,independent,0,0.215854165,0.42923200000007,15467240,0.0,0.0,4799074304,245663
Salzburg,6,127,28800000,10800000,4,mean_intersection,false,independent,1,0.214680222,0.4024890000000596,15467240,0.0,0.0,4799074304,245663
Salzburg,6,127,28800000,10800000,4,mean_intersection,false,fine,1,0.091297726,0.17680399999994734,30357536,0.0,0.0,4799074304,2495034
Salzburg,6,127,28800000,10800000,4,mean_intersection,false,free,1,0.022192239,0.04326900000000933,7974120,0.0,0.0,4799074304,484629
Salzburg,6,127,28800000,10800000,4,mean_intersection,false,zero,1,0.730355006,1.4145650000000387,27986840,0.0,0.0,4799074304,501353
Salzburg,6,127,28800000,10800000,4,mean_intersection,false,walking,1,0.182324428,0.35251099999993585,15465768,0.0,0.0,4799074304,167073
Salzburg,6,127,28800000,10800000,4,mean_intersection,false,walking,2,0.18259605,0.34033899999997175,15465768,0.0,0.0,4799074304,167073
Salzburg,6,127,28800000,10800000,4,mean_intersection,false,independent,2,0.235253992,0.4412779999998975,15467240,0.0,0.0,4799074304,245663
Salzburg,6,127,28800000,10800000,4,mean_intersection,false,fine,2,0.094215006,0.17475000000001728,30357536,0.0,0.0,4799074304,2495034
Salzburg,6,127,28800000,10800000,4,mean_intersection,false,free,2,0.015314834,0.0290660000000571,7974120,0.0,0.0,4799074304,484629
Salzburg,6,127,28800000,10800000,4,mean_intersection,false,zero,2,0.714756669,1.4041830000001028,27986840,0.0,0.0,4799074304,501353
Salzburg,6,127,28800000,10800000,4,mean_intersection,false,zero,3,0.691558469,1.3630920000000515,27986840,0.0,0.0,4799074304,501353
Salzburg,6,127,28800000,10800000,4,mean_intersection,false,walking,3,0.181426694,0.34701700000005076,15465768,0.0,0.0,4799074304,167073
Salzburg,6,127,28800000,10800000,4,mean_intersection,false,independent,3,0.218551644,0.41940599999998085,15467240,0.0,0.0,4799074304,245663
Salzburg,6,127,28800000,10800000,4,mean_intersection,false,fine,3,0.096465893,0.18060700000000907,30357536,0.0,0.0,4799074304,2495034
Salzburg,6,127,28800000,10800000,4,mean_intersection,false,free,3,0.015770414,0.02885300000002644,7974120,0.0,0.0,4799074304,484629
Salzburg,6,127,28800000,10800000,96,mean_intersection,false,fine,0,1.694366777,3.280202000000031,31123952,0.0,0.0,4658733056,38239550
Salzburg,6,127,28800000,10800000,96,mean_intersection,false,free,0,0.326628869,0.5978210000000672,8311016,0.0,0.0,4658733056,7499283
Salzburg,6,127,28800000,10800000,96,mean_intersection,false,walking,0,3.012330065,5.753226999999924,19171856,0.0,0.0,4658733056,2592175
Salzburg,6,127,28800000,10800000,96,mean_intersection,false,walking,1,2.933741476,5.636319999999955,19171856,0.0,0.0,4658733056,2592175
Salzburg,6,127,28800000,10800000,96,mean_intersection,false,fine,1,1.703594848,3.2336930000000166,31123952,0.0,0.0,4658733056,38239550
Salzburg,6,127,28800000,10800000,96,mean_intersection,false,free,1,0.291022485,0.5760520000000042,8311016,0.0,0.0,4658733056,7499283
Salzburg,6,127,28800000,10800000,96,mean_intersection,false,free,2,0.304641857,0.5977099999998927,8311016,0.0,0.0,4658733056,7499283
Salzburg,6,127,28800000,10800000,96,mean_intersection,false,walking,2,2.931758889,5.564971000000014,19171856,0.0,0.0,4658733056,2592175
Salzburg,6,127,28800000,10800000,96,mean_intersection,false,fine,2,1.710889598,3.2319330000000264,31123952,0.0,0.0,4658733056,38239550
Salzburg,6,127,28800000,10800000,96,mean_intersection,false,fine,3,1.646020086,3.210296000000085,31123952,0.0,0.0,4658733056,38239550
Salzburg,6,127,28800000,10800000,96,mean_intersection,false,free,3,0.286353757,0.5557410000000118,8311016,0.0,0.0,4658733056,7499283
Salzburg,6,127,28800000,10800000,96,mean_intersection,false,walking,3,2.917841007,5.6071869999999535,19171856,0.0,0.0,4658733056,2592175
